photo_album_1,360,359,385,354,399,369,377,395,351,350,373,388,374,403,370,394,352,406,353,362
photo_album_100,8081,8113,8008,8063,8181,8098,8023,8170,8077,8189,8109,8064,8194,8111,8135,8184,8141,8139,8161,8119
photo_album_13,4587,4722,4691,4710,4654,4791,4746,4728,4789,4531,4402,4529,4756,4436,4564,4597,4409,4562,4527,4705
photo_album_14,398,371,351,363,358,389,360,348,357,400,382,369,404,399,388,379,405,356,352,372
photo_album_15,1300,1288,1330,1291,1338,1332,1313,1307,1342,1329,1323,1333,1298,1306,1301,1294,1284,1311,1304,1315
photo_album_16,7973,7801,7990,7933,7922,7945,7783,7943,7886,7956,7874,7987,7784,7949,7910,7849,7996,7895,7796,7861
photo_album_17,2592,2702,2666,2610,2588,2688,2645,2559,2590,2603,2551,2637,2593,2544,2672,2557,2558,2624,2687,2620
photo_album_18,3274,3273,3172,3202,3219,3204,3240,3241,3235,3253,3226,3208,3300,3262,3229,3220,3246,3210,3197,3236
photo_album_19,4200,4366,4373,4072,4213,4060,4392,4159,4293,4063,4130,4391,4343,4363,4324,4047,4246,4315,4337,4069
photo_album_2,5574,5648,5488,5463,5500,5501,5466,5451,5284,5552,5364,5359,5534,5446,5345,5369,5450,5571,5644,5557
photo_album_20,531,515,642,559,478,575,546,526,589,496,504,550,487,503,630,498,611,536,588,616
photo_album_21,2556,2639,2727,2735,2695,2716,2603,2690,2565,2714,2645,2611,2607,2665,2733,2559,2700,2674,2718,2711
photo_album_22,1968,1741,1971,1771,1793,1813,1786,1753,1992,1834,1970,1993,1823,1888,2032,1769,1794,1988,1859,1922
photo_album_23,8514,9184,8619,9323,9384,8723,8924,8502,8772,9239,8800,9231,9007,9333,8473,8566,8923,8930,8746,9066
photo_album_24,5718,5666,5727,5704,5755,5693,5668,5734,5664,5781,5763,5669,5695,5723,5753,5684,5712,5768,5737,5692
photo_album_25,1869,1789,2031,1844,1740,1957,1731,1824,1986,1973,1920,1754,2005,1959,1793,2024,1928,1884,1860,1886
photo_album_26,723,782,705,752,792,678,687,685,657,681,729,734,736,767,760,660,659,710,706,671
photo_album_27,7763,7751,7744,7741,7753,7778,7752,7771,7772,7748,7757,7742,7754,7773,7777,7759,7776,7770,7745,7760
photo_album_28,563,600,556,611,485,562,595,476,605,481,551,509,496,503,505,532,635,497,471,631
photo_album_29,1105,1117,1003,1041,1112,1062,1102,1081,1016,991,1061,1071,1123,1088,1057,1094,988,1090,1099,1092
photo_album_3,5762,5744,5677,5713,5679,5656,5750,5676,5683,5702,5719,5700,5701,5717,5665,5697,5666,5739,5778,5671
photo_album_30,8163,8160,8096,8025,8076,8065,8037,8186,8121,8167,8107,8174,8128,8087,8173,8015,8143,8038,8127,8061
photo_album_31,7270,7276,7347,7332,7353,7326,7277,7315,7301,7309,7271,7279,7354,7317,7312,7340,7331,7265,7282,7261
photo_album_32,455,432,431,423,453,450,415,414,449,461,434,451,408,428,464,454,460,438,412,462
photo_album_33,705,776,730,768,716,734,766,772,700,672,739,708,713,645,655,784,656,706,758,701
photo_album_34,6958,6871,6980,7031,6918,6880,6901,7020,6899,6816,6835,6916,6962,7032,6864,7024,7049,6878,6828,7037
photo_album_35,4899,4875,4941,4932,4877,4938,4939,4893,4900,4907,4915,4926,4925,4922,4914,4904,4946,4923,4931,4913
photo_album_36,604,558,573,485,592,585,467,497,632,620,543,583,518,537,505,477,633,565,571,542
photo_album_37,5094,5076,5134,5081,5117,5142,5045,5039,5139,5140,5071,5109,5034,5070,5054,5128,5052,5049,5131,5037
photo_album_38,282,283,182,329,141,216,242,314,195,129,146,312,178,305,321,326,180,316,120,160
photo_album_39,5160,5214,5174,5181,5238,5252,5186,5228,5208,5239,5167,5171,5259,5220,5178,5212,5189,5165,5146,5226
photo_album_4,5011,5010,4985,5017,5012,4988,4980,5019,4992,4996,5014,5003,5002,5021,4974,5005,5009,4977,4972,4966
photo_album_40,3144,3156,3069,3090,3151,3164,3106,3105,3070,3114,3165,3072,3066,3134,3130,3145,3161,3116,3153,3102
photo_album_41,5724,5711,5770,5766,5691,5741,5749,5779,5765,5768,5740,5713,5737,5657,5716,5677,5674,5708,5760,5704
photo_album_42,8340,8352,8336,8328,8333,8323,8337,8353,8349,8320,8322,8350,8346,8334,8339,8331,8347,8338,8316,8321
photo_album_43,8212,8247,8244,8271,8289,8276,8230,8254,8233,8213,8215,8288,8228,8257,8297,8274,8225,8295,8236,8292
photo_album_44,4803,4845,4841,4816,4854,4851,4819,4839,4852,4828,4830,4842,4821,4800,4843,4825,4814,4802,4829,4840
photo_album_45,6653,6597,6536,6590,6586,6811,6698,6585,6430,6431,6731,6643,6539,6686,6587,6475,6560,6471,6759,6734
photo_album_46,394,357,390,372,386,352,371,388,392,379,374,366,405,376,346,359,355,360,402,363
photo_album_47,8003,7797,7803,7861,7929,7924,7960,7837,7782,7786,7904,7907,7891,7945,7867,7789,7791,7933,7858,7977
photo_album_48,884,818,907,912,812,889,828,866,826,841,858,922,888,849,878,900,804,916,865,920
photo_album_49,8318,8350,8322,8338,8344,8325,8352,8342,8317,8330,8351,8332,8349,8334,8337,8329,8328,8343,8353,8331
photo_album_5,7426,7613,7703,7609,7674,7592,7626,7692,7687,7473,7532,7683,7378,7361,7516,7698,7581,7576,7517,7461
photo_album_50,1418,1350,1405,1376,1348,1357,1417,1351,1413,1344,1449,1386,1367,1419,1448,1375,1393,1398,1362,1395
photo_album_51,4919,4932,4950,4934,4885,4886,4901,4887,4922,4876,4940,4905,4895,4913,4911,4909,4873,4918,4872,4870
photo_album_52,6955,6920,7043,7087,7037,6978,6899,7086,6888,6943,6868,6935,7044,7077,6945,6975,6928,6878,7000,7078
photo_album_53,2164,2537,2144,2451,2358,2320,2149,2492,2368,2514,2458,2454,2414,2399,2444,2200,2403,2531,2234,2131
photo_album_54,1952,1819,1775,1760,1869,2020,1975,1982,1913,1781,1881,1745,2032,1800,1957,1753,1838,1796,1983,2008
photo_album_55,3105,3118,3067,3149,3126,3074,3117,3158,3115,3098,3163,3150,3155,3065,3148,3144,3157,3135,3147,3094
photo_album_56,7732,7615,7407,7540,7452,7725,7486,7489,7371,7654,7559,7600,7686,7632,7436,7567,7423,7413,7403,7397
photo_album_57,83,23,10,29,1,76,95,54,70,18,94,34,56,49,71,25,55,30,98,96
photo_album_58,4872,4909,4908,4897,4877,4901,4929,4891,4870,4924,4914,4896,4913,4940,4931,4925,4893,4928,4899,4926
photo_album_59,469,488,586,519,619,642,607,589,494,550,531,503,479,480,570,580,610,478,635,499
photo_album_6,3148,3065,3157,3097,3165,3162,3136,3079,3127,3118,3086,3084,3098,3116,3107,3073,3161,3076,3130,3121
photo_album_60,4785,4535,4564,4523,4489,4568,4778,4763,4648,4623,4507,4742,4732,4432,4669,4592,4745,4420,4421,4647
photo_album_61,3106,3151,3122,3085,3113,3064,3096,3138,3091,3065,3084,3078,3080,3117,3077,3115,3131,3071,3108,3166
photo_album_62,5739,5678,5751,5734,5761,5777,5677,5737,5680,5687,5674,5692,5656,5668,5708,5675,5717,5686,5721,5753
photo_album_63,4754,4712,4759,4723,4550,4584,4746,4574,4750,4767,4649,4673,4615,4522,4587,4581,4556,4544,4695,4487
photo_album_64,5174,5209,5184,5198,5231,5257,5218,5197,5258,5226,5263,5238,5220,5208,5145,5178,5183,5155,5240,5144
photo_album_65,5320,5373,5390,5617,5276,5588,5379,5492,5618,5552,5433,5615,5418,5458,5399,5423,5310,5385,5377,5298
photo_album_66,6505,6441,6599,6729,6788,6565,6616,6708,6786,6597,6675,6663,6660,6706,6642,6662,6529,6704,6466,6797
photo_album_67,8327,8329,8321,8341,8324,8335,8349,8316,8348,8318,8332,8317,8326,8350,8328,8351,8347,8345,8322,8346
photo_album_68,9174,9058,8521,8619,9019,8868,8579,8479,9175,8624,8387,9065,9307,8797,9059,9386,9090,9313,9167,9236
photo_album_69,8444,8422,8953,8861,8936,8807,8766,8982,8566,8802,8762,8549,8388,9181,9332,8713,9306,8474,9219,8925
photo_album_7,3320,3443,3355,3441,3404,3325,3466,3312,3373,3328,3481,3371,3455,3318,3375,3485,3416,3365,3487,3348
photo_album_70,787,648,727,743,785,710,793,651,652,799,703,794,705,798,735,675,734,723,670,738
photo_album_71,7753,7759,7778,7745,7771,7757,7777,7776,7773,7768,7770,7754,7746,7758,7775,7749,7744,7764,7763,7772
photo_album_72,583,474,529,556,516,502,643,564,632,560,628,478,533,601,514,496,561,634,576,479
photo_album_73,9228,8403,8967,8792,9035,8863,8689,9258,8359,9239,9382,8405,8500,9120,9144,8899,9094,8942,8451,9386
photo_album_74,1177,1159,1162,1157,1164,1150,1161,1171,1170,1148,1168,1167,1155,1173,1176,1152,1175,1172,1178,1154
photo_album_76,5786,5808,5804,5798,5812,5799,5801,5788,5811,5793,5800,5803,5816,5821,5796,5820,5795,5817,5806,5810
photo_album_77,6996,6902,6991,6965,6884,6820,6857,7031,6867,7089,6814,6883,7028,6818,6927,6980,6839,7076,6908,6905
photo_album_78,9052,9368,8627,8725,8669,8625,8943,8461,8623,8838,8809,8517,9048,9023,8820,8796,8850,8449,8829,9380
photo_album_79,2943,2813,2742,2888,2870,2848,2793,2976,3060,2934,2841,2900,2892,2777,2796,2935,3038,2762,2808,2876
photo_album_8,36,24,13,34,56,10,54,3,83,84,53,96,63,93,27,101,94,79,102,59
photo_album_80,1437,1428,1415,1423,1348,1445,1374,1387,1450,1411,1380,1370,1381,1436,1426,1398,1401,1442,1399,1359
photo_album_81,5443,5349,5360,5560,5450,5496,5369,5350,5572,5513,5546,5397,5460,5500,5530,5525,5425,5503,5482,5470
photo_album_82,346,393,387,402,382,372,362,403,399,353,384,380,395,386,378,371,351,354,357,360
photo_album_83,956,975,954,966,961,969,952,968,964,953,973,963,983,979,974,980,955,976,978,984
photo_album_84,3444,3323,3336,3455,3348,3329,3398,3410,3448,3404,3337,3403,3375,3341,3438,3462,3466,3396,3340,3382
photo_album_85,1,94,34,54,4,76,26,6,96,95,15,92,82,51,84,43,93,46,77,62
photo_album_86,4985,5022,5003,5021,5002,5010,5019,4979,4986,4993,4977,5014,4968,4970,4978,4982,4997,4981,5009,5013
photo_album_87,7410,7636,7732,7511,7367,7650,7705,7640,7432,7720,7382,7634,7719,7562,7638,7404,7515,7502,7532,7658
photo_album_88,7793,7843,7877,7953,7799,7817,7796,7962,7948,7797,7983,7977,7844,7933,7835,7807,8003,7878,7864,7828
photo_album_89,1309,1316,1341,1331,1281,1305,1321,1303,1289,1315,1329,1337,1332,1338,1307,1300,1286,1290,1301,1339
photo_album_9,2385,2457,2311,2172,2281,2491,2416,2241,2278,2494,2120,2330,2484,2284,2157,2451,2351,2151,2470,2177
photo_album_90,1073,1024,1060,1115,999,1053,1044,1114,1012,1045,1032,1061,1091,1087,1102,1069,1005,995,1107,1000
photo_album_91,5014,4983,4985,4982,4970,5005,4995,5002,4968,4996,4993,5020,5016,5006,4986,4994,4979,5009,5021,5000
photo_album_92,3326,3451,3417,3334,3464,3380,3390,3313,3437,3460,3404,3316,3354,3434,3462,3458,3419,3358,3411,3466
photo_album_93,3407,3459,3420,3454,3312,3473,3438,3417,3468,3375,3480,3373,3484,3364,3418,3434,3401,3327,3386,3349
photo_album_94,6139,6185,6190,6197,6124,6210,6186,6198,6179,6199,6134,6202,6174,6217,6220,6125,6238,6138,6244,6218
photo_album_95,5813,5799,5804,5790,5798,5814,5792,5820,5805,5823,5791,5795,5788,5803,5794,5812,5786,5800,5809,5802
photo_album_96,2372,2359,2322,2248,2173,2319,2442,2097,2458,2466,2318,2324,2285,2419,2525,2308,2440,2252,2235,2086
photo_album_97,341,319,282,193,253,212,195,270,172,204,336,130,340,316,226,223,159,177,259,197
photo_album_98,3092,3076,3100,3116,3088,3142,3078,3162,3069,3068,3117,3152,3102,3122,3145,3124,3067,3065,3131,3089
photo_album_99,4313,4304,4279,4048,4296,4319,4352,4323,4289,4310,4371,4062,4187,4309,4345,4275,4075,4259,4102,4324