AID,GID,NID,CONTRIBUTOR
13423,5,1834,"NNP GZC Car '10WHITE', Person 'A'"
13385,6,1834,"NNP GZC Car '10WHITE', Person 'A'"
13453,7,1834,"NNP GZC Car '10WHITE', Person 'A'"
13390,8,1836,"NNP GZC Car '10WHITE', Person 'A'"
9336,10,210,"NNP GZC Car '10WHITE', Person 'A'"
9329,11,210,"NNP GZC Car '10WHITE', Person 'A'"
9330,12,210,"NNP GZC Car '10WHITE', Person 'A'"
13441,36,1659,"NNP GZC Car '10WHITE', Person 'A'"
13428,61,1660,"NNP GZC Car '10WHITE', Person 'A'"
13409,64,1660,"NNP GZC Car '10WHITE', Person 'A'"
13431,72,903,"NNP GZC Car '10WHITE', Person 'A'"
13448,74,789,"NNP GZC Car '10WHITE', Person 'A'"
13450,78,1835,"NNP GZC Car '10WHITE', Person 'A'"
13454,79,1835,"NNP GZC Car '10WHITE', Person 'A'"
13388,80,1660,"NNP GZC Car '10WHITE', Person 'A'"
13443,81,1660,"NNP GZC Car '10WHITE', Person 'A'"
15533,105,1818,"NNP GZC Car '11WHITE', Person 'A'"
15441,106,1818,"NNP GZC Car '11WHITE', Person 'A'"
15560,107,1818,"NNP GZC Car '11WHITE', Person 'A'"
15505,108,1818,"NNP GZC Car '11WHITE', Person 'A'"
15552,109,1818,"NNP GZC Car '11WHITE', Person 'A'"
15548,121,1944,"NNP GZC Car '11WHITE', Person 'A'"
15538,122,1944,"NNP GZC Car '11WHITE', Person 'A'"
15466,123,1944,"NNP GZC Car '11WHITE', Person 'A'"
15440,127,1823,"NNP GZC Car '11WHITE', Person 'A'"
15541,128,1823,"NNP GZC Car '11WHITE', Person 'A'"
15434,129,1659,"NNP GZC Car '11WHITE', Person 'A'"
15447,130,1990,"NNP GZC Car '11WHITE', Person 'A'"
15487,131,1990,"NNP GZC Car '11WHITE', Person 'A'"
15534,132,1827,"NNP GZC Car '11WHITE', Person 'A'"
15462,133,1998,"NNP GZC Car '11WHITE', Person 'A'"
15519,134,1659,"NNP GZC Car '11WHITE', Person 'A'"
15513,135,1998,"NNP GZC Car '11WHITE', Person 'A'"
15562,136,1816,"NNP GZC Car '11WHITE', Person 'A'"
15517,137,1659,"NNP GZC Car '11WHITE', Person 'A'"
15521,138,1659,"NNP GZC Car '11WHITE', Person 'A'"
15516,139,1659,"NNP GZC Car '11WHITE', Person 'A'"
15515,140,1816,"NNP GZC Car '11WHITE', Person 'A'"
15493,141,1816,"NNP GZC Car '11WHITE', Person 'A'"
15467,145,1826,"NNP GZC Car '11WHITE', Person 'A'"
15468,146,1826,"NNP GZC Car '11WHITE', Person 'A'"
15503,147,1826,"NNP GZC Car '11WHITE', Person 'A'"
15472,148,1826,"NNP GZC Car '11WHITE', Person 'A'"
9182,150,112,"NNP GZC Car '11WHITE', Person 'A'"
9227,151,112,"NNP GZC Car '11WHITE', Person 'A'"
9189,152,112,"NNP GZC Car '11WHITE', Person 'A'"
9188,153,112,"NNP GZC Car '11WHITE', Person 'A'"
9202,154,112,"NNP GZC Car '11WHITE', Person 'A'"
9201,155,112,"NNP GZC Car '11WHITE', Person 'A'"
15544,156,1822,"NNP GZC Car '11WHITE', Person 'A'"
15545,156,789,"NNP GZC Car '11WHITE', Person 'A'"
15529,157,1822,"NNP GZC Car '11WHITE', Person 'A'"
15530,157,789,"NNP GZC Car '11WHITE', Person 'A'"
15543,158,796,"NNP GZC Car '11WHITE', Person 'A'"
15450,159,790,"NNP GZC Car '11WHITE', Person 'A'"
15526,160,790,"NNP GZC Car '11WHITE', Person 'A'"
15461,161,792,"NNP GZC Car '11WHITE', Person 'A'"
15438,162,792,"NNP GZC Car '11WHITE', Person 'A'"
15446,163,1660,"NNP GZC Car '11WHITE', Person 'A'"
15458,164,1660,"NNP GZC Car '11WHITE', Person 'A'"
15539,165,1660,"NNP GZC Car '11WHITE', Person 'A'"
15559,166,1660,"NNP GZC Car '11WHITE', Person 'A'"
9175,224,74,"NNP GZC Car '11WHITE', Person 'A'"
9217,225,74,"NNP GZC Car '11WHITE', Person 'A'"
9203,226,74,"NNP GZC Car '11WHITE', Person 'A'"
9223,227,9,"NNP GZC Car '11WHITE', Person 'A'"
9178,229,172,"NNP GZC Car '11WHITE', Person 'A'"
9185,230,172,"NNP GZC Car '11WHITE', Person 'A'"
9198,231,172,"NNP GZC Car '11WHITE', Person 'A'"
9200,232,172,"NNP GZC Car '11WHITE', Person 'A'"
15915,240,1764,"NNP GZC Car '11WHITE', Person 'A'"
10126,241,2181,"NNP GZC Car '11WHITE', Person 'A'"
15528,242,2181,"NNP GZC Car '11WHITE', Person 'A'"
15485,243,290,"NNP GZC Car '11WHITE', Person 'A'"
15531,244,1824,"NNP GZC Car '11WHITE', Person 'A'"
15431,245,1824,"NNP GZC Car '11WHITE', Person 'A'"
15432,245,1012,"NNP GZC Car '11WHITE', Person 'A'"
15460,246,1824,"NNP GZC Car '11WHITE', Person 'A'"
15451,247,1828,"NNP GZC Car '11WHITE', Person 'A'"
15542,248,1824,"NNP GZC Car '11WHITE', Person 'A'"
15546,249,1824,"NNP GZC Car '11WHITE', Person 'A'"
15549,250,1012,"NNP GZC Car '11WHITE', Person 'A'"
15520,251,1828,"NNP GZC Car '11WHITE', Person 'A'"
15484,252,1815,"NNP GZC Car '11WHITE', Person 'A'"
15471,253,1815,"NNP GZC Car '11WHITE', Person 'A'"
15916,254,1817,"NNP GZC Car '11WHITE', Person 'A'"
15917,254,1150,"NNP GZC Car '11WHITE', Person 'A'"
15918,254,1815,"NNP GZC Car '11WHITE', Person 'A'"
15574,255,1150,"NNP GZC Car '11WHITE', Person 'A'"
15575,255,1815,"NNP GZC Car '11WHITE', Person 'A'"
15576,255,1817,"NNP GZC Car '11WHITE', Person 'A'"
15444,256,1150,"NNP GZC Car '11WHITE', Person 'A'"
15445,256,1817,"NNP GZC Car '11WHITE', Person 'A'"
15557,257,1150,"NNP GZC Car '11WHITE', Person 'A'"
15558,257,1817,"NNP GZC Car '11WHITE', Person 'A'"
15442,258,1178,"NNP GZC Car '11WHITE', Person 'A'"
15563,259,1178,"NNP GZC Car '11WHITE', Person 'A'"
15550,260,1821,"NNP GZC Car '11WHITE', Person 'A'"
15443,261,1821,"NNP GZC Car '11WHITE', Person 'A'"
15463,262,1375,"NNP GZC Car '11WHITE', Person 'A'"
15464,262,995,"NNP GZC Car '11WHITE', Person 'A'"
15508,263,1375,"NNP GZC Car '11WHITE', Person 'A'"
15509,263,995,"NNP GZC Car '11WHITE', Person 'A'"
15555,264,1375,"NNP GZC Car '11WHITE', Person 'A'"
15469,265,1375,"NNP GZC Car '11WHITE', Person 'A'"
15470,265,995,"NNP GZC Car '11WHITE', Person 'A'"
15474,266,1375,"NNP GZC Car '11WHITE', Person 'A'"
15475,266,995,"NNP GZC Car '11WHITE', Person 'A'"
15524,267,1375,"NNP GZC Car '11WHITE', Person 'A'"
15453,268,1028,"NNP GZC Car '11WHITE', Person 'A'"
15527,269,1028,"NNP GZC Car '11WHITE', Person 'A'"
15454,270,1210,"NNP GZC Car '11WHITE', Person 'A'"
15553,271,1210,"NNP GZC Car '11WHITE', Person 'A'"
15568,272,1210,"NNP GZC Car '11WHITE', Person 'A'"
15452,273,1210,"NNP GZC Car '11WHITE', Person 'A'"
15547,274,1028,"NNP GZC Car '11WHITE', Person 'A'"
15532,275,1028,"NNP GZC Car '11WHITE', Person 'A'"
15522,276,1820,"NNP GZC Car '11WHITE', Person 'A'"
15551,277,1820,"NNP GZC Car '11WHITE', Person 'A'"
15492,278,1820,"NNP GZC Car '11WHITE', Person 'A'"
15478,279,1385,"NNP GZC Car '11WHITE', Person 'A'"
15479,279,1028,"NNP GZC Car '11WHITE', Person 'A'"
15510,280,1385,"NNP GZC Car '11WHITE', Person 'A'"
15511,280,1028,"NNP GZC Car '11WHITE', Person 'A'"
15459,281,1375,"NNP GZC Car '11WHITE', Person 'A'"
15564,282,1829,"NNP GZC Car '11WHITE', Person 'A'"
15565,282,1833,"NNP GZC Car '11WHITE', Person 'A'"
15507,283,1832,"NNP GZC Car '11WHITE', Person 'A'"
15455,284,1177,"NNP GZC Car '11WHITE', Person 'A'"
15490,285,1177,"NNP GZC Car '11WHITE', Person 'A'"
15561,286,1177,"NNP GZC Car '11WHITE', Person 'A'"
15567,287,487,"NNP GZC Car '11WHITE', Person 'A'"
15554,288,487,"NNP GZC Car '11WHITE', Person 'A'"
15486,294,1819,"NNP GZC Car '11WHITE', Person 'A'"
15506,295,1819,"NNP GZC Car '11WHITE', Person 'A'"
15518,296,1819,"NNP GZC Car '11WHITE', Person 'A'"
9192,306,74,"NNP GZC Car '11WHITE', Person 'A'"
9194,307,74,"NNP GZC Car '11WHITE', Person 'A'"
9218,312,51,"NNP GZC Car '11WHITE', Person 'A'"
9176,313,51,"NNP GZC Car '11WHITE', Person 'A'"
9184,314,49,"NNP GZC Car '11WHITE', Person 'A'"
9232,315,49,"NNP GZC Car '11WHITE', Person 'A'"
15488,316,1831,"NNP GZC Car '11WHITE', Person 'A'"
15483,317,1830,"NNP GZC Car '11WHITE', Person 'A'"
15448,318,1376,"NNP GZC Car '11WHITE', Person 'A'"
15491,319,1376,"NNP GZC Car '11WHITE', Person 'A'"
15504,320,1825,"NNP GZC Car '11WHITE', Person 'A'"
15473,322,1825,"NNP GZC Car '11WHITE', Person 'A'"
15476,323,1376,"NNP GZC Car '11WHITE', Person 'A'"
15572,324,992,"NNP GZC Car '11WHITE', Person 'A'"
15512,325,987,"NNP GZC Car '11WHITE', Person 'A'"
15566,328,1042,"NNP GZC Car '11WHITE', Person 'A'"
15477,329,1278,"NNP GZC Car '11WHITE', Person 'A'"
15523,330,1042,"NNP GZC Car '11WHITE', Person 'A'"
15439,331,1688,"NNP GZC Car '11WHITE', Person 'A'"
9164,346,172,"NNP GZC Car '12WHITE', Person 'A'"
13275,349,1766,"NNP GZC Car '12WHITE', Person 'A'"
13267,350,1761,"NNP GZC Car '12WHITE', Person 'A'"
13297,356,1763,"NNP GZC Car '12WHITE', Person 'A'"
13288,358,1764,"NNP GZC Car '12WHITE', Person 'A'"
13310,360,1269,"NNP GZC Car '12WHITE', Person 'A'"
13278,362,1175,"NNP GZC Car '12WHITE', Person 'A'"
9165,365,148,"NNP GZC Car '12WHITE', Person 'A'"
13301,366,995,"NNP GZC Car '12WHITE', Person 'A'"
13302,366,1027,"NNP GZC Car '12WHITE', Person 'A'"
13273,367,1206,"NNP GZC Car '12WHITE', Person 'A'"
13280,368,1027,"NNP GZC Car '12WHITE', Person 'A'"
9168,370,23,"NNP GZC Car '12WHITE', Person 'A'"
13283,374,1755,"NNP GZC Car '12WHITE', Person 'A'"
13284,374,1765,"NNP GZC Car '12WHITE', Person 'A'"
13319,375,1759,"NNP GZC Car '12WHITE', Person 'A'"
13317,377,1306,"NNP GZC Car '12WHITE', Person 'A'"
13325,378,1137,"NNP GZC Car '12WHITE', Person 'A'"
13281,380,1716,"NNP GZC Car '12WHITE', Person 'A'"
13321,381,1760,"NNP GZC Car '12WHITE', Person 'A'"
13320,384,1754,"NNP GZC Car '12WHITE', Person 'A'"
13324,386,1757,"NNP GZC Car '12WHITE', Person 'A'"
13299,388,1753,"NNP GZC Car '12WHITE', Person 'A'"
13279,390,984,"NNP GZC Car '12WHITE', Person 'A'"
13268,391,1758,"NNP GZC Car '12WHITE', Person 'A'"
13315,392,1283,"NNP GZC Car '12WHITE', Person 'A'"
13295,394,1762,"NNP GZC Car '12WHITE', Person 'A'"
13298,395,1756,"NNP GZC Car '12WHITE', Person 'A'"
13272,399,1168,"NNP GZC Car '12WHITE', Person 'A'"
13304,406,953,"NNP GZC Car '12WHITE', Person 'A'"
13294,407,365,"NNP GZC Car '12WHITE', Person 'A'"
16095,410,1853,"NNP GZC Car '13WHITE', Person 'A'"
15416,430,1852,"NNP GZC Car '13WHITE', Person 'A'"
9345,435,60,"NNP GZC Car '13WHITE', Person 'A'"
9343,436,60,"NNP GZC Car '13WHITE', Person 'A'"
9350,437,60,"NNP GZC Car '13WHITE', Person 'A'"
9370,440,132,"NNP GZC Car '13WHITE', Person 'A'"
9379,443,74,"NNP GZC Car '13WHITE', Person 'A'"
9351,444,74,"NNP GZC Car '13WHITE', Person 'A'"
9377,445,74,"NNP GZC Car '13WHITE', Person 'A'"
9357,446,146,"NNP GZC Car '13WHITE', Person 'A'"
9368,447,225,"NNP GZC Car '13WHITE', Person 'A'"
9401,448,146,"NNP GZC Car '13WHITE', Person 'A'"
16148,450,1179,"NNP GZC Car '13WHITE', Person 'A'"
15999,451,1179,"NNP GZC Car '13WHITE', Person 'A'"
16060,456,1157,"NNP GZC Car '13WHITE', Person 'A'"
16025,459,1158,"NNP GZC Car '13WHITE', Person 'A'"
15994,460,1148,"NNP GZC Car '13WHITE', Person 'A'"
15944,461,1175,"NNP GZC Car '13WHITE', Person 'A'"
15411,462,1837,"NNP GZC Car '13WHITE', Person 'A'"
15988,463,1269,"NNP GZC Car '13WHITE', Person 'A'"
15989,463,1148,"NNP GZC Car '13WHITE', Person 'A'"
15992,463,1175,"NNP GZC Car '13WHITE', Person 'A'"
16030,465,1269,"NNP GZC Car '13WHITE', Person 'A'"
9378,495,60,"NNP GZC Car '13WHITE', Person 'B'"
9393,499,60,"NNP GZC Car '13WHITE', Person 'B'"
9391,500,60,"NNP GZC Car '13WHITE', Person 'B'"
9392,508,132,"NNP GZC Car '13WHITE', Person 'B'"
9353,509,132,"NNP GZC Car '13WHITE', Person 'B'"
9352,511,132,"NNP GZC Car '13WHITE', Person 'B'"
9388,512,132,"NNP GZC Car '13WHITE', Person 'B'"
9376,514,74,"NNP GZC Car '13WHITE', Person 'B'"
9361,515,74,"NNP GZC Car '13WHITE', Person 'B'"
9394,517,146,"NNP GZC Car '13WHITE', Person 'B'"
9365,518,225,"NNP GZC Car '13WHITE', Person 'B'"
9346,519,146,"NNP GZC Car '13WHITE', Person 'B'"
9359,520,9,"NNP GZC Car '13WHITE', Person 'B'"
9363,521,9,"NNP GZC Car '13WHITE', Person 'B'"
15402,524,1179,"NNP GZC Car '13WHITE', Person 'B'"
15410,529,1157,"NNP GZC Car '13WHITE', Person 'B'"
16022,530,1158,"NNP GZC Car '13WHITE', Person 'B'"
15384,531,1157,"NNP GZC Car '13WHITE', Person 'B'"
15387,532,1157,"NNP GZC Car '13WHITE', Person 'B'"
15405,534,1158,"NNP GZC Car '13WHITE', Person 'B'"
15995,535,1148,"NNP GZC Car '13WHITE', Person 'B'"
15955,536,1148,"NNP GZC Car '13WHITE', Person 'B'"
16070,537,1175,"NNP GZC Car '13WHITE', Person 'B'"
15934,538,1837,"NNP GZC Car '13WHITE', Person 'B'"
16132,539,1175,"NNP GZC Car '13WHITE', Person 'B'"
16133,539,1148,"NNP GZC Car '13WHITE', Person 'B'"
16124,540,1175,"NNP GZC Car '13WHITE', Person 'B'"
16075,541,1269,"NNP GZC Car '13WHITE', Person 'B'"
16137,544,1148,"NNP GZC Car '13WHITE', Person 'B'"
16159,545,1148,"NNP GZC Car '13WHITE', Person 'B'"
16191,547,290,"NNP GZC Car '13WHITE', Person 'B'"
15409,553,985,"NNP GZC Car '13WHITE', Person 'B'"
15957,554,985,"NNP GZC Car '13WHITE', Person 'B'"
16055,558,1828,"NNP GZC Car '13WHITE', Person 'B'"
16103,559,1151,"NNP GZC Car '13WHITE', Person 'B'"
16011,562,1815,"NNP GZC Car '13WHITE', Person 'B'"
15390,564,1855,"NNP GZC Car '13WHITE', Person 'B'"
15397,565,1820,"NNP GZC Car '13WHITE', Person 'B'"
16039,566,1820,"NNP GZC Car '13WHITE', Person 'B'"
16053,567,1840,"NNP GZC Car '13WHITE', Person 'B'"
16017,568,1840,"NNP GZC Car '13WHITE', Person 'B'"
16014,569,1820,"NNP GZC Car '13WHITE', Person 'B'"
15998,570,1848,"NNP GZC Car '13WHITE', Person 'B'"
16041,574,1832,"NNP GZC Car '13WHITE', Person 'B'"
16127,575,1146,"NNP GZC Car '13WHITE', Person 'B'"
15965,582,1838,"NNP GZC Car '13WHITE', Person 'B'"
15974,583,1838,"NNP GZC Car '13WHITE', Person 'B'"
16038,589,1851,"NNP GZC Car '13WHITE', Person 'B'"
15382,593,1854,"NNP GZC Car '13WHITE', Person 'B'"
16117,594,2036,"NNP GZC Car '13WHITE', Person 'B'"
15421,595,1849,"NNP GZC Car '13WHITE', Person 'B'"
15393,605,1850,"NNP GZC Car '13WHITE', Person 'B'"
16081,606,935,"NNP GZC Car '13WHITE', Person 'B'"
16147,607,1843,"NNP GZC Car '13WHITE', Person 'B'"
16001,608,1843,"NNP GZC Car '13WHITE', Person 'B'"
16002,608,935,"NNP GZC Car '13WHITE', Person 'B'"
15933,609,934,"NNP GZC Car '13WHITE', Person 'B'"
15931,620,1841,"NNP GZC Car '13WHITE', Person 'B'"
15932,620,1839,"NNP GZC Car '13WHITE', Person 'B'"
16122,621,1839,"NNP GZC Car '13WHITE', Person 'B'"
16047,622,1841,"NNP GZC Car '13WHITE', Person 'B'"
15969,624,1839,"NNP GZC Car '13WHITE', Person 'B'"
16165,635,1847,"NNP GZC Car '13WHITE', Person 'B'"
16090,637,1844,"NNP GZC Car '13WHITE', Person 'B'"
16185,638,1845,"NNP GZC Car '13WHITE', Person 'B'"
14131,658,1481,"NNP GZC Car '14WHITE', Person 'A'"
14112,659,1481,"NNP GZC Car '14WHITE', Person 'A'"
14205,664,1482,"NNP GZC Car '14WHITE', Person 'A'"
14165,665,1482,"NNP GZC Car '14WHITE', Person 'A'"
14108,694,1478,"NNP GZC Car '14WHITE', Person 'A'"
14119,695,1478,"NNP GZC Car '14WHITE', Person 'A'"
14159,696,542,"NNP GZC Car '14WHITE', Person 'A'"
14160,696,1477,"NNP GZC Car '14WHITE', Person 'A'"
14215,697,542,"NNP GZC Car '14WHITE', Person 'A'"
14216,697,1477,"NNP GZC Car '14WHITE', Person 'A'"
14111,698,543,"NNP GZC Car '14WHITE', Person 'A'"
14098,699,542,"NNP GZC Car '14WHITE', Person 'A'"
14179,700,585,"NNP GZC Car '14WHITE', Person 'A'"
14123,701,1995,"NNP GZC Car '14WHITE', Person 'A'"
14192,702,1971,"NNP GZC Car '14WHITE', Person 'A'"
14193,702,1995,"NNP GZC Car '14WHITE', Person 'A'"
14151,703,1913,"NNP GZC Car '14WHITE', Person 'A'"
14113,704,1720,"NNP GZC Car '14WHITE', Person 'A'"
14203,705,585,"NNP GZC Car '14WHITE', Person 'A'"
14208,706,1912,"NNP GZC Car '14WHITE', Person 'A'"
14196,707,1971,"NNP GZC Car '14WHITE', Person 'A'"
14093,708,1916,"NNP GZC Car '14WHITE', Person 'A'"
14198,709,1802,"NNP GZC Car '14WHITE', Person 'A'"
14121,710,1720,"NNP GZC Car '14WHITE', Person 'A'"
14201,711,1720,"NNP GZC Car '14WHITE', Person 'A'"
14184,712,405,"NNP GZC Car '14WHITE', Person 'A'"
14233,713,1624,"NNP GZC Car '14WHITE', Person 'A'"
14248,714,1485,"NNP GZC Car '14WHITE', Person 'A'"
14128,715,1484,"NNP GZC Car '14WHITE', Person 'A'"
14097,716,1911,"NNP GZC Car '14WHITE', Person 'A'"
14117,717,1911,"NNP GZC Car '14WHITE', Person 'A'"
14187,718,1809,"NNP GZC Car '14WHITE', Person 'A'"
14231,719,1721,"NNP GZC Car '14WHITE', Person 'A'"
14139,720,1923,"NNP GZC Car '14WHITE', Person 'A'"
14163,721,1721,"NNP GZC Car '14WHITE', Person 'A'"
14138,722,1479,"NNP GZC Car '14WHITE', Person 'A'"
14118,723,1561,"NNP GZC Car '14WHITE', Person 'A'"
14157,724,1479,"NNP GZC Car '14WHITE', Person 'A'"
14158,725,1539,"NNP GZC Car '14WHITE', Person 'A'"
14222,727,1686,"NNP GZC Car '14WHITE', Person 'A'"
14099,728,1540,"NNP GZC Car '14WHITE', Person 'A'"
14172,729,1921,"NNP GZC Car '14WHITE', Person 'A'"
14250,730,1799,"NNP GZC Car '14WHITE', Person 'A'"
14190,731,380,"NNP GZC Car '14WHITE', Person 'A'"
14227,732,404,"NNP GZC Car '14WHITE', Person 'A'"
14150,733,1540,"NNP GZC Car '14WHITE', Person 'A'"
14153,734,1686,"NNP GZC Car '14WHITE', Person 'A'"
14133,735,404,"NNP GZC Car '14WHITE', Person 'A'"
14147,736,378,"NNP GZC Car '14WHITE', Person 'A'"
14130,737,395,"NNP GZC Car '14WHITE', Person 'A'"
14236,738,1508,"NNP GZC Car '14WHITE', Person 'A'"
14161,739,1921,"NNP GZC Car '14WHITE', Person 'A'"
14182,740,1483,"NNP GZC Car '14WHITE', Person 'A'"
14241,741,1483,"NNP GZC Car '14WHITE', Person 'A'"
14166,744,1915,"NNP GZC Car '14WHITE', Person 'A'"
14186,745,1697,"NNP GZC Car '14WHITE', Person 'A'"
14156,746,741,"NNP GZC Car '14WHITE', Person 'A'"
14110,747,1527,"NNP GZC Car '14WHITE', Person 'A'"
14135,748,1532,"NNP GZC Car '14WHITE', Person 'A'"
14202,749,1551,"NNP GZC Car '14WHITE', Person 'A'"
14251,750,1550,"NNP GZC Car '14WHITE', Person 'A'"
14141,752,1480,"NNP GZC Car '14WHITE', Person 'A'"
14225,753,1694,"NNP GZC Car '14WHITE', Person 'A'"
14146,754,1694,"NNP GZC Car '14WHITE', Person 'A'"
14154,755,1480,"NNP GZC Car '14WHITE', Person 'A'"
14176,756,1694,"NNP GZC Car '14WHITE', Person 'A'"
14189,757,1924,"NNP GZC Car '14WHITE', Person 'A'"
14127,758,717,"NNP GZC Car '14WHITE', Person 'A'"
14214,759,667,"NNP GZC Car '14WHITE', Person 'A'"
14095,761,681,"NNP GZC Car '14WHITE', Person 'A'"
14221,762,1551,"NNP GZC Car '14WHITE', Person 'A'"
14173,763,717,"NNP GZC Car '14WHITE', Person 'A'"
14107,764,1638,"NNP GZC Car '14WHITE', Person 'A'"
14219,765,1550,"NNP GZC Car '14WHITE', Person 'A'"
14180,766,1514,"NNP GZC Car '14WHITE', Person 'A'"
14234,767,2165,"NNP GZC Car '14WHITE', Person 'A'"
14235,767,1846,"NNP GZC Car '14WHITE', Person 'A'"
14102,768,1846,"NNP GZC Car '14WHITE', Person 'A'"
14199,769,1552,"NNP GZC Car '14WHITE', Person 'A'"
14169,770,1502,"NNP GZC Car '14WHITE', Person 'A'"
14142,771,1856,"NNP GZC Car '14WHITE', Person 'A'"
14124,772,1502,"NNP GZC Car '14WHITE', Person 'A'"
14125,772,1563,"NNP GZC Car '14WHITE', Person 'A'"
14171,773,1563,"NNP GZC Car '14WHITE', Person 'A'"
14220,774,1715,"NNP GZC Car '14WHITE', Person 'A'"
14104,775,1803,"NNP GZC Car '14WHITE', Person 'A'"
14164,776,1552,"NNP GZC Car '14WHITE', Person 'A'"
14143,777,727,"NNP GZC Car '14WHITE', Person 'A'"
14126,779,717,"NNP GZC Car '14WHITE', Person 'A'"
14211,780,1856,"NNP GZC Car '14WHITE', Person 'A'"
14230,781,1856,"NNP GZC Car '14WHITE', Person 'A'"
14152,782,1556,"NNP GZC Car '14WHITE', Person 'A'"
14213,783,1559,"NNP GZC Car '14WHITE', Person 'A'"
14175,784,1639,"NNP GZC Car '14WHITE', Person 'A'"
14148,785,1534,"NNP GZC Car '14WHITE', Person 'A'"
14096,786,1521,"NNP GZC Car '14WHITE', Person 'A'"
14226,787,1558,"NNP GZC Car '14WHITE', Person 'A'"
14178,788,1558,"NNP GZC Car '14WHITE', Person 'A'"
14129,789,1535,"NNP GZC Car '14WHITE', Person 'A'"
14122,790,1922,"NNP GZC Car '14WHITE', Person 'A'"
14212,791,1694,"NNP GZC Car '14WHITE', Person 'A'"
14207,792,1914,"NNP GZC Car '14WHITE', Person 'A'"
14094,793,1495,"NNP GZC Car '14WHITE', Person 'A'"
14170,794,1985,"NNP GZC Car '14WHITE', Person 'A'"
14105,795,1499,"NNP GZC Car '14WHITE', Person 'A'"
14106,796,1928,"NNP GZC Car '14WHITE', Person 'A'"
14132,797,1804,"NNP GZC Car '14WHITE', Person 'A'"
14249,798,890,"NNP GZC Car '14WHITE', Person 'A'"
14167,799,2169,"NNP GZC Car '14WHITE', Person 'A'"
14162,800,1623,"NNP GZC Car '14WHITE', Person 'A'"
15866,812,1645,"NNP GZC Car '15WHITE', Person 'A'"
15619,814,1655,"NNP GZC Car '15WHITE', Person 'A'"
15620,814,1644,"NNP GZC Car '15WHITE', Person 'A'"
15594,815,1644,"NNP GZC Car '15WHITE', Person 'A'"
15632,816,1644,"NNP GZC Car '15WHITE', Person 'A'"
15882,817,1770,"NNP GZC Car '15WHITE', Person 'A'"
15667,818,1770,"NNP GZC Car '15WHITE', Person 'A'"
15646,819,1651,"NNP GZC Car '15WHITE', Person 'A'"
15647,819,1655,"NNP GZC Car '15WHITE', Person 'A'"
15642,821,1655,"NNP GZC Car '15WHITE', Person 'A'"
15643,821,1651,"NNP GZC Car '15WHITE', Person 'A'"
15669,822,1651,"NNP GZC Car '15WHITE', Person 'A'"
15670,822,1655,"NNP GZC Car '15WHITE', Person 'A'"
15671,822,1450,"NNP GZC Car '15WHITE', Person 'A'"
15635,823,1651,"NNP GZC Car '15WHITE', Person 'A'"
15636,823,1655,"NNP GZC Car '15WHITE', Person 'A'"
15637,823,1450,"NNP GZC Car '15WHITE', Person 'A'"
15603,824,1655,"NNP GZC Car '15WHITE', Person 'A'"
15591,825,1655,"NNP GZC Car '15WHITE', Person 'A'"
15592,825,1770,"NNP GZC Car '15WHITE', Person 'A'"
15598,826,1655,"NNP GZC Car '15WHITE', Person 'A'"
15599,826,1651,"NNP GZC Car '15WHITE', Person 'A'"
15663,827,1651,"NNP GZC Car '15WHITE', Person 'A'"
15664,827,1655,"NNP GZC Car '15WHITE', Person 'A'"
15628,828,1655,"NNP GZC Car '15WHITE', Person 'A'"
15629,828,1450,"NNP GZC Car '15WHITE', Person 'A'"
15630,828,1651,"NNP GZC Car '15WHITE', Person 'A'"
15891,829,1655,"NNP GZC Car '15WHITE', Person 'A'"
15892,829,1651,"NNP GZC Car '15WHITE', Person 'A'"
15903,831,1655,"NNP GZC Car '15WHITE', Person 'A'"
15905,831,1450,"NNP GZC Car '15WHITE', Person 'A'"
9475,836,273,"NNP GZC Car '15WHITE', Person 'A'"
9429,837,273,"NNP GZC Car '15WHITE', Person 'A'"
9537,838,273,"NNP GZC Car '15WHITE', Person 'A'"
9437,839,273,"NNP GZC Car '15WHITE', Person 'A'"
9481,840,273,"NNP GZC Car '15WHITE', Person 'A'"
9538,841,273,"NNP GZC Car '15WHITE', Person 'A'"
15862,843,790,"NNP GZC Car '15WHITE', Person 'A'"
15611,846,792,"NNP GZC Car '15WHITE', Person 'A'"
15673,847,792,"NNP GZC Car '15WHITE', Person 'A'"
15605,849,792,"NNP GZC Car '15WHITE', Person 'A'"
15868,864,1654,"NNP GZC Car '15WHITE', Person 'A'"
15864,867,1654,"NNP GZC Car '15WHITE', Person 'A'"
15865,867,1642,"NNP GZC Car '15WHITE', Person 'A'"
15893,868,1642,"NNP GZC Car '15WHITE', Person 'A'"
15665,869,1654,"NNP GZC Car '15WHITE', Person 'A'"
15662,870,1656,"NNP GZC Car '15WHITE', Person 'A'"
15873,871,1656,"NNP GZC Car '15WHITE', Person 'A'"
15625,875,1648,"NNP GZC Car '15WHITE', Person 'A'"
15655,876,1648,"NNP GZC Car '15WHITE', Person 'A'"
15597,877,1658,"NNP GZC Car '15WHITE', Person 'A'"
15654,878,1658,"NNP GZC Car '15WHITE', Person 'A'"
15879,881,1652,"NNP GZC Car '15WHITE', Person 'A'"
15880,881,1650,"NNP GZC Car '15WHITE', Person 'A'"
15660,882,1652,"NNP GZC Car '15WHITE', Person 'A'"
15631,888,1649,"NNP GZC Car '15WHITE', Person 'A'"
15674,889,1649,"NNP GZC Car '15WHITE', Person 'A'"
9413,890,234,"NNP GZC Car '15WHITE', Person 'A'"
9442,897,234,"NNP GZC Car '15WHITE', Person 'A'"
9423,898,234,"NNP GZC Car '15WHITE', Person 'A'"
9455,899,234,"NNP GZC Car '15WHITE', Person 'A'"
9421,900,234,"NNP GZC Car '15WHITE', Person 'A'"
9450,901,234,"NNP GZC Car '15WHITE', Person 'A'"
9483,903,234,"NNP GZC Car '15WHITE', Person 'A'"
9467,912,234,"NNP GZC Car '15WHITE', Person 'A'"
9478,913,234,"NNP GZC Car '15WHITE', Person 'A'"
15656,915,310,"NNP GZC Car '15WHITE', Person 'A'"
15634,916,317,"NNP GZC Car '15WHITE', Person 'A'"
9514,921,166,"NNP GZC Car '15WHITE', Person 'A'"
9501,922,166,"NNP GZC Car '15WHITE', Person 'A'"
9451,923,237,"NNP GZC Car '15WHITE', Person 'A'"
15622,937,1653,"NNP GZC Car '15WHITE', Person 'B'"
15623,937,1641,"NNP GZC Car '15WHITE', Person 'B'"
9402,941,234,"NNP GZC Car '15WHITE', Person 'B'"
9462,942,234,"NNP GZC Car '15WHITE', Person 'B'"
9529,944,234,"NNP GZC Car '15WHITE', Person 'B'"
9464,945,234,"NNP GZC Car '15WHITE', Person 'B'"
9494,946,234,"NNP GZC Car '15WHITE', Person 'B'"
9523,947,234,"NNP GZC Car '15WHITE', Person 'B'"
9519,948,234,"NNP GZC Car '15WHITE', Person 'B'"
15577,956,1657,"NNP GZC Car '15WHITE', Person 'C'"
9438,962,273,"NNP GZC Car '15WHITE', Person 'C'"
9457,963,273,"NNP GZC Car '15WHITE', Person 'C'"
15585,967,792,"NNP GZC Car '15WHITE', Person 'C'"
15658,968,792,"NNP GZC Car '15WHITE', Person 'C'"
15596,975,1656,"NNP GZC Car '15WHITE', Person 'C'"
15612,999,1645,"NNP GZC Car '15WHITE', Person 'D'"
