GID,Shared,Not Shared,Total,Proportion
7768,10,0,10,100.0
1712,10,0,10,100.0
681,10,0,10,100.0
2841,10,0,10,100.0
2870,10,0,10,100.0
182,10,0,10,100.0
5712,10,0,10,100.0
178,10,0,10,100.0
7956,10,0,10,100.0
3079,10,0,10,100.0
1732,10,0,10,100.0
1731,10,0,10,100.0
172,10,0,10,100.0
1715,10,0,10,100.0
3091,10,0,10,100.0
546,10,0,10,100.0
1532,10,0,10,100.0
787,10,0,10,100.0
4880,10,0,10,100.0
1333,9,0,9,100.0
1332,19,0,19,100.0
3480,10,0,10,100.0
1330,9,0,9,100.0
1323,9,0,9,100.0
3460,10,0,10,100.0
8797,10,0,10,100.0
5525,10,0,10,100.0
4915,10,0,10,100.0
3805,10,0,10,100.0
3818,10,0,10,100.0
5749,10,0,10,100.0
5750,10,0,10,100.0
2311,10,0,10,100.0
2414,10,0,10,100.0
2457,10,0,10,100.0
826,10,0,10,100.0
616,10,0,10,100.0
8173,9,0,9,100.0
2484,10,0,10,100.0
6616,10,0,10,100.0
450,10,0,10,100.0
2151,10,0,10,100.0
6653,10,0,10,100.0
2514,10,0,10,100.0
2144,10,0,10,100.0
2131,10,0,10,100.0
6663,10,0,10,100.0
8324,19,0,19,100.0
6686,10,0,10,100.0
672,10,0,10,100.0
2695,9,0,9,100.0
1971,10,0,10,100.0
390,10,0,10,100.0
5777,10,0,10,100.0
5766,10,0,10,100.0
678,9,0,9,100.0
1909,10,0,10,100.0
8838,10,0,10,100.0
6430,10,0,10,100.0
9019,10,0,10,100.0
9184,10,0,10,100.0
509,9,0,9,100.0
5019,20,0,20,100.0
3289,10,0,10,100.0
329,10,0,10,100.0
5209,10,0,10,100.0
1062,10,0,10,100.0
3274,10,0,10,100.0
9094,10,0,10,100.0
5284,10,0,10,100.0
5011,10,0,10,100.0
896,10,0,10,100.0
5005,20,0,20,100.0
1060,10,0,10,100.0
7748,10,0,10,100.0
3260,10,0,10,100.0
3253,10,0,10,100.0
3337,10,0,10,100.0
913,10,0,10,100.0
3261,10,0,10,100.0
351,29,1,30,96.66666666666667
2032,19,1,20,95.0
533,19,1,20,95.0
3473,19,1,20,95.0
4908,19,1,20,95.0
1061,19,1,20,95.0
195,19,1,20,95.0
1869,19,1,20,95.0
5713,19,1,20,95.0
516,18,1,19,94.73684210526316
1952,9,1,10,90.0
927,9,1,10,90.0
3875,9,1,10,90.0
5721,9,1,10,90.0
193,18,2,20,90.0
5239,9,1,10,90.0
273,9,1,10,90.0
5686,9,1,10,90.0
8403,9,1,10,90.0
5006,9,1,10,90.0
2762,9,1,10,90.0
180,9,1,10,90.0
1859,9,1,10,90.0
6788,9,1,10,90.0
366,9,1,10,90.0
799,9,1,10,90.0
1899,9,1,10,90.0
4997,9,1,10,90.0
6797,9,1,10,90.0
1099,9,1,10,90.0
7031,9,1,10,90.0
3202,9,1,10,90.0
1000,9,1,10,90.0
2491,9,1,10,90.0
3343,9,1,10,90.0
6197,9,1,10,90.0
223,9,1,10,90.0
7636,9,1,10,90.0
6198,9,1,10,90.0
4062,9,1,10,90.0
6590,9,1,10,90.0
8194,9,1,10,90.0
82,9,1,10,90.0
2416,9,1,10,90.0
432,9,1,10,90.0
3336,9,1,10,90.0
2403,9,1,10,90.0
2399,9,1,10,90.0
4279,9,1,10,90.0
956,9,1,10,90.0
7640,9,1,10,90.0
461,9,1,10,90.0
1041,9,1,10,90.0
579,9,1,10,90.0
583,18,2,20,90.0
7933,27,3,30,90.0
586,9,1,10,90.0
6698,9,1,10,90.0
591,9,1,10,90.0
4,9,1,10,90.0
2026,9,1,10,90.0
2031,9,1,10,90.0
8167,9,1,10,90.0
607,9,1,10,90.0
2531,9,1,10,90.0
2525,9,1,10,90.0
3293,9,1,10,90.0
331,9,1,10,90.0
177,9,1,10,90.0
7962,9,1,10,90.0
876,9,1,10,90.0
900,9,1,10,90.0
4872,18,2,20,90.0
1281,9,1,10,90.0
3151,9,1,10,90.0
7904,9,1,10,90.0
877,9,1,10,90.0
7282,9,1,10,90.0
551,9,1,10,90.0
15,9,1,10,90.0
3451,9,1,10,90.0
897,9,1,10,90.0
7749,9,1,10,90.0
8829,9,1,10,90.0
1341,9,1,10,90.0
4878,9,1,10,90.0
3398,9,1,10,90.0
346,27,3,30,90.0
3407,18,2,20,90.0
7867,9,1,10,90.0
4902,9,1,10,90.0
8792,9,1,10,90.0
7301,9,1,10,90.0
4901,18,2,20,90.0
344,9,1,10,90.0
4874,9,1,10,90.0
643,9,1,10,90.0
889,9,1,10,90.0
7410,9,1,10,90.0
3073,9,1,10,90.0
3419,9,1,10,90.0
3078,18,2,20,90.0
3165,9,1,10,90.0
5397,9,1,10,90.0
5399,9,1,10,90.0
5434,9,1,10,90.0
912,9,1,10,90.0
542,9,1,10,90.0
3121,9,1,10,90.0
355,9,1,10,90.0
120,9,1,10,90.0
3086,9,1,10,90.0
341,9,1,10,90.0
1860,8,1,9,88.88888888888889
1595,8,1,9,88.88888888888889
2559,8,1,9,88.88888888888889
1579,8,1,9,88.88888888888889
8772,8,1,9,88.88888888888889
630,7,1,8,87.5
8325,35,5,40,87.5
4913,26,4,30,86.66666666666667
34,26,4,30,86.66666666666667
550,17,3,20,85.0
312,17,3,20,85.0
7776,17,3,20,85.0
363,17,3,20,85.0
485,17,3,20,85.0
3462,17,3,20,85.0
3226,17,3,20,85.0
3434,17,3,20,85.0
3416,17,3,20,85.0
4877,17,3,20,85.0
4897,17,3,20,85.0
393,16,3,19,84.21052631578948
386,25,5,30,83.33333333333333
3131,25,5,30,83.33333333333333
8353,33,7,40,82.5
496,31,7,38,81.57894736842105
8322,48,11,59,81.35593220338983
8160,8,2,10,80.0
3437,8,2,10,80.0
7638,8,2,10,80.0
356,8,2,10,80.0
7276,8,2,10,80.0
358,8,2,10,80.0
8008,8,2,10,80.0
7432,8,2,10,80.0
242,16,4,20,80.0
7032,8,2,10,80.0
370,8,2,10,80.0
3316,8,2,10,80.0
3420,8,2,10,80.0
3248,8,2,10,80.0
2976,8,2,10,80.0
3077,8,2,10,80.0
3071,8,2,10,80.0
4259,8,2,10,80.0
3628,8,2,10,80.0
6471,8,2,10,80.0
6962,8,2,10,80.0
77,8,2,10,80.0
3088,8,2,10,80.0
389,8,2,10,80.0
26,8,2,10,80.0
3464,8,2,10,80.0
3069,8,2,10,80.0
6734,8,2,10,80.0
3122,16,4,20,80.0
3478,8,2,10,80.0
3288,8,2,10,80.0
2556,8,2,10,80.0
7532,16,4,20,80.0
670,8,2,10,80.0
3136,8,2,10,80.0
3484,8,2,10,80.0
3455,16,4,20,80.0
3349,8,2,10,80.0
3485,16,4,20,80.0
385,8,2,10,80.0
3365,8,2,10,80.0
3089,8,2,10,80.0
3609,8,2,10,80.0
212,8,2,10,80.0
2330,8,2,10,80.0
469,8,2,10,80.0
5574,8,2,10,80.0
1315,16,4,20,80.0
1316,8,2,10,80.0
1331,8,2,10,80.0
5666,16,4,20,80.0
878,8,2,10,80.0
146,8,2,10,80.0
4876,16,4,20,80.0
1510,8,2,10,80.0
1523,8,2,10,80.0
4873,8,2,10,80.0
8746,8,2,10,80.0
1664,8,2,10,80.0
8627,8,2,10,80.0
1741,8,2,10,80.0
1745,8,2,10,80.0
8521,8,2,10,80.0
8517,8,2,10,80.0
1766,8,2,10,80.0
4821,8,2,10,80.0
179,8,2,10,80.0
4819,8,2,10,80.0
4814,8,2,10,80.0
5723,8,2,10,80.0
5744,8,2,10,80.0
8796,8,2,10,80.0
8809,8,2,10,80.0
5460,8,2,10,80.0
1092,8,2,10,80.0
1005,8,2,10,80.0
980,8,2,10,80.0
98,8,2,10,80.0
5131,8,2,10,80.0
5142,8,2,10,80.0
1032,8,2,10,80.0
1045,8,2,10,80.0
5022,8,2,10,80.0
9333,8,2,10,80.0
1073,8,2,10,80.0
5017,8,2,10,80.0
1094,8,2,10,80.0
494,8,2,10,80.0
5228,8,2,10,80.0
4995,8,2,10,80.0
9174,8,2,10,80.0
499,8,2,10,80.0
9120,8,2,10,80.0
9058,8,2,10,80.0
9035,8,2,10,80.0
5345,8,2,10,80.0
8943,8,2,10,80.0
1238,8,2,10,80.0
5385,8,2,10,80.0
1874,8,2,10,80.0
3334,8,2,10,80.0
8274,8,2,10,80.0
8215,8,2,10,80.0
2024,8,2,10,80.0
604,8,2,10,80.0
6,8,2,10,80.0
1992,8,2,10,80.0
8257,8,2,10,80.0
2120,8,2,10,80.0
8329,32,8,40,80.0
453,8,2,10,80.0
6139,8,2,10,80.0
4587,8,2,10,80.0
6220,8,2,10,80.0
462,8,2,10,80.0
204,8,2,10,80.0
6124,8,2,10,80.0
5763,8,2,10,80.0
641,8,2,10,80.0
449,8,2,10,80.0
5765,8,2,10,80.0
2322,8,2,10,80.0
2320,8,2,10,80.0
360,39,10,49,79.59183673469387
1300,15,4,19,78.94736842105263
1769,7,2,9,77.77777777777777
1986,7,2,9,77.77777777777777
1823,7,2,9,77.77777777777777
2565,7,2,9,77.77777777777777
3283,7,2,9,77.77777777777777
1609,7,2,9,77.77777777777777
8127,7,2,9,77.77777777777777
388,23,7,30,76.66666666666667
7613,6,2,8,75.0
354,15,5,20,75.0
5768,15,5,20,75.0
1824,6,2,8,75.0
1304,6,2,8,75.0
7772,15,5,20,75.0
382,15,5,20,75.0
1301,14,5,19,73.6842105263158
611,14,5,19,73.6842105263158
3204,14,5,19,73.6842105263158
8351,36,13,49,73.46938775510205
5009,22,8,30,73.33333333333333
8330,22,8,30,73.33333333333333
497,22,8,30,73.33333333333333
8326,28,11,39,71.7948717948718
529,7,3,10,70.0
406,7,3,10,70.0
6599,7,3,10,70.0
532,7,3,10,70.0
536,14,6,20,70.0
3395,7,3,10,70.0
3401,7,3,10,70.0
6134,7,3,10,70.0
3403,7,3,10,70.0
4978,7,3,10,70.0
6786,7,3,10,70.0
752,7,3,10,70.0
3390,7,3,10,70.0
5276,7,3,10,70.0
5109,7,3,10,70.0
4275,7,3,10,70.0
758,7,3,10,70.0
6475,7,3,10,70.0
3348,14,6,20,70.0
634,7,3,10,70.0
5181,7,3,10,70.0
7576,7,3,10,70.0
631,14,6,20,70.0
6210,7,3,10,70.0
6202,7,3,10,70.0
5012,7,3,10,70.0
336,7,3,10,70.0
620,7,3,10,70.0
415,7,3,10,70.0
6199,7,3,10,70.0
6597,14,6,20,70.0
7502,7,3,10,70.0
438,7,3,10,70.0
7473,7,3,10,70.0
3380,7,3,10,70.0
3417,14,6,20,70.0
4909,21,9,30,70.0
537,7,3,10,70.0
483,7,3,10,70.0
671,7,3,10,70.0
4845,7,3,10,70.0
5678,7,3,10,70.0
7265,7,3,10,70.0
4839,7,3,10,70.0
585,14,6,20,70.0
3903,7,3,10,70.0
708,7,3,10,70.0
5679,7,3,10,70.0
364,7,3,10,70.0
5687,7,3,10,70.0
5390,7,3,10,70.0
578,7,3,10,70.0
4816,7,3,10,70.0
571,7,3,10,70.0
5719,7,3,10,70.0
703,7,3,10,70.0
5737,21,9,30,70.0
675,7,3,10,70.0
5755,7,3,10,70.0
5760,7,3,10,70.0
4673,7,3,10,70.0
6466,7,3,10,70.0
5674,14,6,20,70.0
5671,7,3,10,70.0
4574,7,3,10,70.0
6662,7,3,10,70.0
3424,7,3,10,70.0
4930,7,3,10,70.0
5492,7,3,10,70.0
5503,7,3,10,70.0
3443,7,3,10,70.0
3445,7,3,10,70.0
5513,7,3,10,70.0
3454,7,3,10,70.0
7354,7,3,10,70.0
5572,7,3,10,70.0
3329,7,3,10,70.0
562,7,3,10,70.0
563,7,3,10,70.0
605,7,3,10,70.0
3474,7,3,10,70.0
4888,7,3,10,70.0
3481,7,3,10,70.0
4875,7,3,10,70.0
3976,7,3,10,70.0
353,21,9,30,70.0
5675,7,3,10,70.0
999,7,3,10,70.0
76,14,6,20,70.0
18,7,3,10,70.0
8388,7,3,10,70.0
8352,28,12,40,70.0
197,7,3,10,70.0
1974,7,3,10,70.0
2005,7,3,10,70.0
8295,7,3,10,70.0
829,7,3,10,70.0
8271,7,3,10,70.0
827,7,3,10,70.0
8236,7,3,10,70.0
8233,7,3,10,70.0
2358,7,3,10,70.0
237,7,3,10,70.0
2372,7,3,10,70.0
8181,7,3,10,70.0
2492,7,3,10,70.0
253,7,3,10,70.0
2603,7,3,10,70.0
8139,7,3,10,70.0
2665,7,3,10,70.0
8087,7,3,10,70.0
7973,7,3,10,70.0
2943,7,3,10,70.0
7949,7,3,10,70.0
3080,7,3,10,70.0
1836,7,3,10,70.0
8449,7,3,10,70.0
7844,7,3,10,70.0
8500,7,3,10,70.0
928,7,3,10,70.0
1102,14,6,20,70.0
9239,14,6,20,70.0
1117,7,3,10,70.0
9175,7,3,10,70.0
9059,7,3,10,70.0
9023,7,3,10,70.0
8953,7,3,10,70.0
1240,7,3,10,70.0
1257,7,3,10,70.0
888,7,3,10,70.0
8863,7,3,10,70.0
8850,7,3,10,70.0
1277,7,3,10,70.0
1284,7,3,10,70.0
1286,7,3,10,70.0
1303,7,3,10,70.0
1305,7,3,10,70.0
1309,7,3,10,70.0
1313,7,3,10,70.0
1329,14,6,20,70.0
1339,7,3,10,70.0
141,14,6,20,70.0
1480,7,3,10,70.0
8725,7,3,10,70.0
7886,7,3,10,70.0
5094,7,3,10,70.0
7698,7,3,10,70.0
3166,7,3,10,70.0
3203,7,3,10,70.0
7764,7,3,10,70.0
7778,14,6,20,70.0
3138,7,3,10,70.0
3312,14,6,20,70.0
3314,7,3,10,70.0
7793,7,3,10,70.0
3162,14,6,20,70.0
3152,7,3,10,70.0
1968,13,6,19,68.42105263157895
1338,13,6,19,68.42105263157895
8327,27,13,40,67.5
8061,6,3,9,66.66666666666667
8331,20,10,30,66.66666666666667
1884,6,3,9,66.66666666666667
1311,6,3,9,66.66666666666667
5664,6,3,9,66.66666666666667
8143,6,3,9,66.66666666666667
8930,6,3,9,66.66666666666667
1538,6,3,9,66.66666666666667
1623,6,3,9,66.66666666666667
1789,6,3,9,66.66666666666667
498,6,3,9,66.66666666666667
8502,6,3,9,66.66666666666667
8924,6,3,9,66.66666666666667
1771,6,3,9,66.66666666666667
7849,6,3,9,66.66666666666667
8316,20,10,30,66.66666666666667
8342,33,17,50,66.0
5003,13,7,20,65.0
4905,13,7,20,65.0
282,13,7,20,65.0
479,13,7,20,65.0
5208,13,7,20,65.0
5668,13,7,20,65.0
405,13,7,20,65.0
7745,13,7,20,65.0
5753,13,7,20,65.0
5552,13,7,20,65.0
7770,13,7,20,65.0
5220,13,7,20,65.0
369,13,7,20,65.0
505,13,7,20,65.0
3355,13,7,20,65.0
5021,19,11,30,63.333333333333336
7777,12,7,19,63.1578947368421
8332,25,15,40,62.5
340,6,4,10,60.0
4803,6,4,10,60.0
4800,6,4,10,60.0
849,6,4,10,60.0
2097,6,4,10,60.0
8323,24,16,40,60.0
1813,6,4,10,60.0
580,6,4,10,60.0
3411,12,8,20,60.0
1888,6,4,10,60.0
4647,6,4,10,60.0
4648,6,4,10,60.0
1970,6,4,10,60.0
3410,12,8,20,60.0
1926,6,4,10,60.0
784,6,4,10,60.0
3208,6,4,10,60.0
588,6,4,10,60.0
478,18,12,30,60.0
589,12,8,20,60.0
5740,6,4,10,60.0
573,6,4,10,60.0
5724,6,4,10,60.0
1834,6,4,10,60.0
8405,6,4,10,60.0
1996,6,4,10,60.0
3124,6,4,10,60.0
7744,12,8,20,60.0
8623,6,4,10,60.0
538,6,4,10,60.0
8942,6,4,10,60.0
3356,6,4,10,60.0
5360,6,4,10,60.0
5350,6,4,10,60.0
5320,6,4,10,60.0
1164,6,4,10,60.0
1159,6,4,10,60.0
9144,6,4,10,60.0
5252,6,4,10,60.0
9219,6,4,10,60.0
5000,6,4,10,60.0
111,6,4,10,60.0
1105,6,4,10,60.0
5218,6,4,10,60.0
3340,6,4,10,60.0
7609,6,4,10,60.0
5016,6,4,10,60.0
9307,6,4,10,60.0
9332,6,4,10,60.0
5037,6,4,10,60.0
5117,6,4,10,60.0
4950,6,4,10,60.0
1255,6,4,10,60.0
4840,6,4,10,60.0
7683,6,4,10,60.0
4841,6,4,10,60.0
4851,6,4,10,60.0
5676,6,4,10,60.0
8762,6,4,10,60.0
8766,6,4,10,60.0
1512,6,4,10,60.0
3396,6,4,10,60.0
2149,6,4,10,60.0
1337,6,4,10,60.0
7725,6,4,10,60.0
49,6,4,10,60.0
3378,6,4,10,60.0
5546,6,4,10,60.0
8802,6,4,10,60.0
1290,6,4,10,60.0
326,6,4,10,60.0
1279,6,4,10,60.0
3364,6,4,10,60.0
4931,12,8,20,60.0
1261,6,4,10,60.0
1260,6,4,10,60.0
3327,12,8,20,60.0
1917,6,4,10,60.0
3197,6,4,10,60.0
6958,6,4,10,60.0
8023,6,4,10,60.0
806,6,4,10,60.0
8064,6,4,10,60.0
2742,6,4,10,60.0
2727,6,4,10,60.0
387,6,4,10,60.0
8119,6,4,10,60.0
2700,6,4,10,60.0
391,6,4,10,60.0
6729,6,4,10,60.0
3938,6,4,10,60.0
3145,6,4,10,60.0
3444,6,4,10,60.0
6675,6,4,10,60.0
8161,6,4,10,60.0
3148,6,4,10,60.0
402,12,8,20,60.0
8170,6,4,10,60.0
2494,6,4,10,60.0
6919,6,4,10,60.0
2876,6,4,10,60.0
2458,12,8,20,60.0
2888,6,4,10,60.0
3472,6,4,10,60.0
785,6,4,10,60.0
7864,6,4,10,60.0
3130,6,4,10,60.0
79,6,4,10,60.0
7279,6,4,10,60.0
3097,6,4,10,60.0
7277,6,4,10,60.0
3094,6,4,10,60.0
792,6,4,10,60.0
3084,12,8,20,60.0
3082,6,4,10,60.0
3076,12,8,20,60.0
710,12,8,20,60.0
3038,6,4,10,60.0
7953,6,4,10,60.0
314,6,4,10,60.0
2934,6,4,10,60.0
7817,6,4,10,60.0
3441,6,4,10,60.0
4519,6,4,10,60.0
2368,6,4,10,60.0
6536,6,4,10,60.0
2351,6,4,10,60.0
2324,6,4,10,60.0
8212,6,4,10,60.0
8213,6,4,10,60.0
820,6,4,10,60.0
2177,6,4,10,60.0
8230,6,4,10,60.0
2241,6,4,10,60.0
8247,6,4,10,60.0
828,6,4,10,60.0
2308,6,4,10,60.0
2318,6,4,10,60.0
3161,6,4,10,60.0
23,6,4,10,60.0
6587,6,4,10,60.0
2285,6,4,10,60.0
2278,6,4,10,60.0
412,6,4,10,60.0
3438,12,8,20,60.0
819,6,4,10,60.0
6431,6,4,10,60.0
8345,29,20,49,59.183673469387756
8328,29,21,50,58.0
1306,5,4,9,55.55555555555556
1307,10,8,18,55.55555555555556
1294,5,4,9,55.55555555555556
1288,5,4,9,55.55555555555556
1973,5,4,9,55.55555555555556
471,5,4,9,55.55555555555556
3318,5,4,9,55.55555555555556
736,5,4,9,55.55555555555556
8174,5,4,9,55.55555555555556
1561,5,4,9,55.55555555555556
1572,5,4,9,55.55555555555556
8121,5,4,9,55.55555555555556
1672,5,4,9,55.55555555555556
8473,5,4,9,55.55555555555556
9007,5,4,9,55.55555555555556
575,5,4,9,55.55555555555556
1786,5,4,9,55.55555555555556
8015,5,4,9,55.55555555555556
8317,16,13,29,55.172413793103445
5500,11,9,20,55.0
376,11,9,20,55.0
4899,11,9,20,55.0
564,11,9,20,55.0
3117,11,9,20,55.0
93,11,9,20,55.0
7796,11,9,20,55.0
4924,11,9,20,55.0
8334,21,18,39,53.84615384615385
5014,16,14,30,53.333333333333336
5677,16,14,30,53.333333333333336
8350,26,24,50,52.0
8337,31,29,60,51.666666666666664
767,5,5,10,50.0
916,5,5,10,50.0
5259,5,5,10,50.0
7943,5,5,10,50.0
9052,5,5,10,50.0
7929,5,5,10,50.0
7924,5,5,10,50.0
7650,5,5,10,50.0
53,5,5,10,50.0
8228,5,5,10,50.0
8189,5,5,10,50.0
9181,5,5,10,50.0
5189,5,5,10,50.0
984,10,10,20,50.0
735,5,5,10,50.0
976,5,5,10,50.0
5140,5,5,10,50.0
963,10,10,20,50.0
94,15,15,30,50.0
518,5,5,10,50.0
9384,4,4,8,50.0
7775,5,5,10,50.0
519,5,5,10,50.0
7922,5,5,10,50.0
9380,5,5,10,50.0
782,5,5,10,50.0
9368,5,5,10,50.0
729,5,5,10,50.0
7858,5,5,10,50.0
8276,5,5,10,50.0
5349,5,5,10,50.0
601,5,5,10,50.0
6174,5,5,10,50.0
7895,5,5,10,50.0
6918,5,5,10,50.0
7049,5,5,10,50.0
7037,5,5,10,50.0
807,5,5,10,50.0
5657,15,15,30,50.0
5665,5,5,10,50.0
8096,5,5,10,50.0
8107,5,5,10,50.0
8113,5,5,10,50.0
576,5,5,10,50.0
812,5,5,10,50.0
8135,5,5,10,50.0
776,5,5,10,50.0
8625,5,5,10,50.0
7378,5,5,10,50.0
8141,5,5,10,50.0
8359,5,5,10,50.0
7426,4,4,8,50.0
570,5,5,10,50.0
84,10,10,20,50.0
6560,5,5,10,50.0
7773,10,10,20,50.0
5711,5,5,10,50.0
8444,5,5,10,50.0
5644,5,5,10,50.0
7461,5,5,10,50.0
610,5,5,10,50.0
687,5,5,10,50.0
5373,5,5,10,50.0
8925,5,5,10,50.0
6970,5,5,10,50.0
6932,5,5,10,50.0
8923,5,5,10,50.0
7697,5,5,10,50.0
5443,5,5,10,50.0
818,5,5,10,50.0
7719,5,5,10,50.0
6864,5,5,10,50.0
7720,5,5,10,50.0
7480,5,5,10,50.0
8820,5,5,10,50.0
685,5,5,10,50.0
6835,5,5,10,50.0
8800,5,5,10,50.0
804,5,5,10,50.0
772,5,5,10,50.0
8063,5,5,10,50.0
6441,5,5,10,50.0
5588,5,5,10,50.0
5013,5,5,10,50.0
3341,5,5,10,50.0
4972,5,5,10,50.0
2733,5,5,10,50.0
27,5,5,10,50.0
2690,5,5,10,50.0
2674,5,5,10,50.0
474,5,5,10,50.0
2419,5,5,10,50.0
2385,5,5,10,50.0
226,10,10,20,50.0
2234,5,5,10,50.0
4842,5,5,10,50.0
4852,5,5,10,50.0
4854,5,5,10,50.0
2002,5,5,10,50.0
488,5,5,10,50.0
4885,5,5,10,50.0
1982,5,5,10,50.0
1975,5,5,10,50.0
489,5,5,10,50.0
1928,5,5,10,50.0
1920,9,9,18,50.0
4904,5,5,10,50.0
1819,5,5,10,50.0
4916,5,5,10,50.0
1781,10,10,20,50.0
4934,5,5,10,50.0
160,5,5,10,50.0
159,5,5,10,50.0
1515,5,5,10,50.0
1321,5,5,10,50.0
2777,5,5,10,50.0
2813,5,5,10,50.0
2892,5,5,10,50.0
3323,5,5,10,50.0
357,15,15,30,50.0
3487,5,5,10,50.0
3695,5,5,10,50.0
3468,5,5,10,50.0
373,10,10,20,50.0
3459,5,5,10,50.0
3418,5,5,10,50.0
3803,5,5,10,50.0
3375,15,15,30,50.0
392,10,10,20,50.0
3369,5,5,10,50.0
3358,5,5,10,50.0
398,10,10,20,50.0
3313,5,5,10,50.0
3,5,5,10,50.0
403,15,15,30,50.0
4048,5,5,10,50.0
316,10,10,20,50.0
3157,5,5,10,50.0
3144,5,5,10,50.0
3118,5,5,10,50.0
3116,10,10,20,50.0
311,5,5,10,50.0
3102,5,5,10,50.0
434,5,5,10,50.0
3100,5,5,10,50.0
3060,5,5,10,50.0
306,5,5,10,50.0
130,5,5,10,50.0
2319,5,5,10,50.0
4994,5,5,10,50.0
4980,5,5,10,50.0
1114,5,5,10,50.0
5045,5,5,10,50.0
1236,5,5,10,50.0
5049,5,5,10,50.0
4988,5,5,10,50.0
1262,5,5,10,50.0
1254,5,5,10,50.0
1012,5,5,10,50.0
8343,14,15,29,48.275862068965516
8339,14,15,29,48.275862068965516
531,9,10,19,47.36842105263158
7771,9,10,19,47.36842105263158
83,9,10,19,47.36842105263158
3466,14,16,30,46.666666666666664
966,9,11,20,45.0
3373,9,11,20,45.0
968,9,11,20,45.0
379,9,11,20,45.0
8619,9,11,20,45.0
95,9,11,20,45.0
4932,9,11,20,45.0
5010,9,11,20,45.0
7757,9,11,20,45.0
371,13,16,29,44.827586206896555
515,4,5,9,44.44444444444444
504,4,5,9,44.44444444444444
1794,4,5,9,44.44444444444444
1057,4,5,9,44.44444444444444
3262,8,10,18,44.44444444444444
5669,4,5,9,44.44444444444444
476,4,5,9,44.44444444444444
3196,4,5,9,44.44444444444444
2716,4,5,9,44.44444444444444
1740,4,5,9,44.44444444444444
1519,4,5,9,44.44444444444444
1569,4,5,9,44.44444444444444
8514,4,5,9,44.44444444444444
8335,17,22,39,43.58974358974359
8315,13,17,30,43.333333333333336
642,8,11,19,42.10526315789474
1753,8,11,19,42.10526315789474
723,8,11,19,42.10526315789474
635,8,11,19,42.10526315789474
637,4,6,10,40.0
4568,4,6,10,40.0
5174,8,12,20,40.0
632,8,12,20,40.0
7807,4,6,10,40.0
7789,4,6,10,40.0
8077,4,6,10,40.0
5359,4,6,10,40.0
7996,4,6,10,40.0
922,4,6,10,40.0
5198,4,6,10,40.0
5167,4,6,10,40.0
645,4,6,10,40.0
2848,4,6,10,40.0
451,4,6,10,40.0
1053,4,6,10,40.0
6125,4,6,10,40.0
2935,4,6,10,40.0
4535,4,6,10,40.0
454,4,6,10,40.0
30,4,6,10,40.0
423,4,6,10,40.0
305,4,6,10,40.0
5034,4,6,10,40.0
6185,4,6,10,40.0
9313,4,6,10,40.0
3085,4,6,10,40.0
6190,4,6,10,40.0
2900,4,6,10,40.0
3098,4,6,10,40.0
1069,4,6,10,40.0
798,4,6,10,40.0
7987,4,6,10,40.0
29,4,6,10,40.0
3108,4,6,10,40.0
595,4,6,10,40.0
7948,4,6,10,40.0
4581,4,6,10,40.0
319,4,6,10,40.0
5128,4,6,10,40.0
3448,4,6,10,40.0
378,4,6,10,40.0
377,4,6,10,40.0
6947,4,6,10,40.0
978,8,12,20,40.0
7332,4,6,10,40.0
6980,4,6,10,40.0
70,4,6,10,40.0
7317,4,6,10,40.0
7020,4,6,10,40.0
3382,4,6,10,40.0
7024,4,6,10,40.0
348,4,6,10,40.0
7041,4,6,10,40.0
3656,4,6,10,40.0
706,8,12,20,40.0
71,4,6,10,40.0
36,4,6,10,40.0
995,4,6,10,40.0
7271,4,6,10,40.0
3386,4,6,10,40.0
514,4,6,10,40.0
3210,4,6,10,40.0
7658,4,6,10,40.0
6529,4,6,10,40.0
6539,4,6,10,40.0
414,4,6,10,40.0
7705,4,6,10,40.0
6586,4,6,10,40.0
7703,4,6,10,40.0
768,4,6,10,40.0
5770,4,6,10,40.0
6643,4,6,10,40.0
96,12,18,30,40.0
383,4,6,10,40.0
962,4,6,10,40.0
395,8,12,20,40.0
7581,4,6,10,40.0
3944,4,6,10,40.0
6731,4,6,10,40.0
7511,4,6,10,40.0
5052,4,6,10,40.0
3850,4,6,10,40.0
384,4,6,10,40.0
766,4,6,10,40.0
7261,4,6,10,40.0
1881,4,6,10,40.0
5708,8,12,20,40.0
8669,4,6,10,40.0
4919,4,6,10,40.0
1956,4,6,10,40.0
4907,4,6,10,40.0
4911,4,6,10,40.0
1177,4,6,10,40.0
1838,4,6,10,40.0
4928,8,12,20,40.0
4802,4,6,10,40.0
5258,4,6,10,40.0
1754,4,6,10,40.0
1157,4,6,10,40.0
1775,4,6,10,40.0
4983,4,6,10,40.0
2284,4,6,10,40.0
8936,4,6,10,40.0
216,4,6,10,40.0
8288,4,6,10,40.0
8289,4,6,10,40.0
2157,4,6,10,40.0
8292,4,6,10,40.0
8297,4,6,10,40.0
5257,4,6,10,40.0
5298,4,6,10,40.0
4828,4,6,10,40.0
5680,4,6,10,40.0
2008,4,6,10,40.0
4843,4,6,10,40.0
4778,4,6,10,40.0
5716,4,6,10,40.0
4966,4,6,10,40.0
2466,4,6,10,40.0
2711,4,6,10,40.0
270,4,6,10,40.0
1112,4,6,10,40.0
1289,4,6,10,40.0
8346,16,24,40,40.0
2639,4,6,10,40.0
259,4,6,10,40.0
2470,4,6,10,40.0
5571,4,6,10,40.0
5002,12,18,30,40.0
5751,4,6,10,40.0
8422,4,6,10,40.0
727,4,6,10,40.0
5739,8,12,20,40.0
2444,4,6,10,40.0
8899,4,6,10,40.0
1930,4,6,10,40.0
167,4,6,10,40.0
4754,4,6,10,40.0
2442,4,6,10,40.0
1793,7,11,18,38.888888888888886
362,11,18,29,37.93103448275862
705,11,18,29,37.93103448275862
1844,3,5,8,37.5
1292,3,5,8,37.5
1993,3,5,8,37.5
559,3,5,8,37.5
4914,11,19,30,36.666666666666664
7763,7,13,20,35.0
8320,7,13,20,35.0
2451,7,13,20,35.0
841,7,13,20,35.0
7797,7,13,20,35.0
5226,7,13,20,35.0
4968,7,13,20,35.0
4925,7,13,20,35.0
556,7,13,20,35.0
734,10,19,29,34.48275862068966
9231,3,6,9,33.333333333333336
8723,3,6,9,33.333333333333336
1071,3,6,9,33.333333333333336
3305,3,6,9,33.333333333333336
3275,3,6,9,33.333333333333336
8318,18,40,58,31.03448275862069
8689,3,7,10,30.0
838,3,7,10,30.0
1242,3,7,10,30.0
8861,3,7,10,30.0
967,3,7,10,30.0
7519,3,7,10,30.0
988,3,7,10,30.0
1846,3,7,10,30.0
174,3,7,10,30.0
865,3,7,10,30.0
1796,3,7,10,30.0
8624,3,7,10,30.0
730,3,7,10,30.0
860,3,7,10,30.0
859,3,7,10,30.0
3354,3,7,10,30.0
7353,3,7,10,30.0
8479,3,7,10,30.0
1016,3,7,10,30.0
8461,3,7,10,30.0
8111,3,7,10,30.0
7758,3,7,10,30.0
3328,6,14,20,30.0
3113,3,7,10,30.0
3107,3,7,10,30.0
7877,3,7,10,30.0
2235,3,7,10,30.0
8244,3,7,10,30.0
3096,3,7,10,30.0
7907,3,7,10,30.0
7910,3,7,10,30.0
1154,3,7,10,30.0
2281,3,7,10,30.0
8225,3,7,10,30.0
794,3,7,10,30.0
303,3,7,10,30.0
2359,3,7,10,30.0
1115,3,7,10,30.0
9306,3,7,10,30.0
2440,3,7,10,30.0
1107,3,7,10,30.0
8025,3,7,10,30.0
8128,3,7,10,30.0
2796,3,7,10,30.0
2735,3,7,10,30.0
7861,6,14,20,30.0
3115,6,14,20,30.0
1922,3,7,10,30.0
2164,3,7,10,30.0
8344,3,7,10,30.0
8338,6,14,20,30.0
8336,9,21,30,30.0
1178,3,7,10,30.0
953,3,7,10,30.0
7674,3,7,10,30.0
328,3,7,10,30.0
7687,3,7,10,30.0
8967,3,7,10,30.0
1983,3,7,10,30.0
3246,3,7,10,30.0
8109,3,7,10,30.0
1170,3,7,10,30.0
9048,3,7,10,30.0
1167,3,7,10,30.0
2086,3,7,10,30.0
7791,3,7,10,30.0
213,3,7,10,30.0
1044,3,7,10,30.0
7801,3,7,10,30.0
7835,3,7,10,30.0
8807,3,7,10,30.0
5081,3,7,10,30.0
526,3,7,10,30.0
4075,3,7,10,30.0
4432,3,7,10,30.0
5762,3,7,10,30.0
6811,3,7,10,30.0
6179,3,7,10,30.0
6759,3,7,10,30.0
5761,3,7,10,30.0
4996,6,14,20,30.0
3922,3,7,10,30.0
543,3,7,10,30.0
5691,3,7,10,30.0
4723,3,7,10,30.0
4420,3,7,10,30.0
5741,3,7,10,30.0
5240,3,7,10,30.0
5727,3,7,10,30.0
3965,3,7,10,30.0
4941,3,7,10,30.0
6585,3,7,10,30.0
4825,3,7,10,30.0
628,6,14,20,30.0
399,12,28,40,30.0
5700,3,7,10,30.0
480,3,7,10,30.0
481,6,14,20,30.0
404,3,7,10,30.0
6642,3,7,10,30.0
5701,3,7,10,30.0
59,3,7,10,30.0
380,3,7,10,30.0
5020,3,7,10,30.0
4669,3,7,10,30.0
51,3,7,10,30.0
561,3,7,10,30.0
56,6,14,20,30.0
4584,3,7,10,30.0
6505,3,7,10,30.0
4592,3,7,10,30.0
7017,3,7,10,30.0
701,3,7,10,30.0
5054,3,7,10,30.0
4900,6,14,20,30.0
5557,3,7,10,30.0
4544,3,7,10,30.0
5530,3,7,10,30.0
43,3,7,10,30.0
3727,3,7,10,30.0
374,6,14,20,30.0
4886,3,7,10,30.0
5155,3,7,10,30.0
431,3,7,10,30.0
5171,3,7,10,30.0
655,3,7,10,30.0
5186,3,7,10,30.0
4870,6,14,20,30.0
3792,3,7,10,30.0
5470,3,7,10,30.0
5310,3,7,10,30.0
394,8,22,30,26.666666666666668
7754,5,14,19,26.31578947368421
359,5,14,19,26.31578947368421
4982,5,15,20,25.0
3106,5,15,20,25.0
7945,5,15,20,25.0
7977,5,15,20,25.0
975,5,15,20,25.0
8065,2,7,9,22.22222222222222
8038,2,7,9,22.22222222222222
1988,2,7,9,22.22222222222222
1886,2,7,9,22.22222222222222
7361,2,7,9,22.22222222222222
657,2,7,9,22.22222222222222
5684,2,7,9,22.22222222222222
5695,2,7,9,22.22222222222222
7753,4,15,19,21.05263157894737
7759,4,15,19,21.05263157894737
352,6,23,29,20.689655172413794
8321,8,31,39,20.512820512820515
4881,2,8,10,20.0
2200,2,8,10,20.0
8081,2,8,10,20.0
4887,4,16,20,20.0
8076,2,8,10,20.0
565,2,8,10,20.0
2808,2,8,10,20.0
5648,2,8,10,20.0
4615,2,8,10,20.0
4623,2,8,10,20.0
8098,2,8,10,20.0
467,2,8,10,20.0
2020,2,8,10,20.0
5683,2,8,10,20.0
4712,2,8,10,20.0
4829,2,8,10,20.0
2611,2,8,10,20.0
477,2,8,10,20.0
215,2,8,10,20.0
2252,2,8,10,20.0
2248,2,8,10,20.0
1937,2,8,10,20.0
8254,2,8,10,20.0
2172,2,8,10,20.0
4891,2,8,10,20.0
1760,2,8,10,20.0
4893,4,16,20,20.0
8982,2,8,10,20.0
1168,2,8,10,20.0
1162,2,8,10,20.0
909,2,8,10,20.0
9090,2,8,10,20.0
5231,2,8,10,20.0
1123,2,8,10,20.0
5214,2,8,10,20.0
919,2,8,10,20.0
920,2,8,10,20.0
502,2,8,10,20.0
9228,2,8,10,20.0
5197,2,8,10,20.0
1091,2,8,10,20.0
1087,2,8,10,20.0
9382,2,8,10,20.0
955,2,8,10,20.0
5146,2,8,10,20.0
965,4,16,20,20.0
5139,2,8,10,20.0
974,4,16,20,20.0
977,2,8,10,20.0
101,2,8,10,20.0
1003,2,8,10,20.0
5071,2,8,10,20.0
991,2,8,10,20.0
1171,2,8,10,20.0
4992,2,8,10,20.0
560,2,8,10,20.0
5279,2,8,10,20.0
558,2,8,10,20.0
4918,2,8,10,20.0
1800,2,8,10,20.0
8451,2,8,10,20.0
55,2,8,10,20.0
8474,2,8,10,20.0
5496,2,8,10,20.0
5488,2,8,10,20.0
5463,2,8,10,20.0
858,2,8,10,20.0
4926,6,24,30,20.0
5458,2,8,10,20.0
866,2,8,10,20.0
5423,2,8,10,20.0
54,6,24,30,20.0
5377,2,8,10,20.0
5369,4,16,20,20.0
13,2,8,10,20.0
4970,4,16,20,20.0
1275,2,8,10,20.0
8868,2,8,10,20.0
4981,2,8,10,20.0
1251,2,8,10,20.0
4985,6,24,30,20.0
4986,4,16,20,20.0
283,2,8,10,20.0
10,4,16,20,20.0
6138,2,8,10,20.0
428,2,8,10,20.0
7891,2,8,10,20.0
7692,2,8,10,20.0
7732,2,8,10,20.0
4487,2,8,10,20.0
793,2,8,10,20.0
3239,2,8,10,20.0
7746,2,8,10,20.0
4187,2,8,10,20.0
7782,2,8,10,20.0
3300,2,8,10,20.0
4421,2,8,10,20.0
7786,2,8,10,20.0
4289,2,8,10,20.0
4296,2,8,10,20.0
7799,2,8,10,20.0
7803,2,8,10,20.0
3127,2,8,10,20.0
7828,2,8,10,20.0
4049,2,8,10,20.0
7843,2,8,10,20.0
302,2,8,10,20.0
7520,2,8,10,20.0
350,2,8,10,20.0
700,2,8,10,20.0
7347,2,8,10,20.0
6916,2,8,10,20.0
455,2,8,10,20.0
400,4,16,20,20.0
3371,2,8,10,20.0
739,2,8,10,20.0
7562,2,8,10,20.0
7960,2,8,10,20.0
5076,2,8,10,20.0
4507,2,8,10,20.0
760,2,8,10,20.0
3325,2,8,10,20.0
8341,7,33,40,17.5
4895,3,17,20,15.0
5178,3,17,20,15.0
954,3,17,20,15.0
4977,3,17,20,15.0
4979,3,17,20,15.0
372,6,34,40,15.0
8003,3,17,20,15.0
8566,3,17,20,15.0
1959,1,7,8,12.5
1583,1,7,8,12.5
5501,1,8,9,11.11111111111111
3235,1,8,9,11.11111111111111
1957,2,16,18,11.11111111111111
2714,1,8,9,11.11111111111111
7742,1,8,9,11.11111111111111
3187,1,8,9,11.11111111111111
3272,1,8,9,11.11111111111111
8037,1,8,9,11.11111111111111
7760,1,8,9,11.11111111111111
8347,3,26,29,10.344827586206897
3231,1,9,10,10.0
7741,1,9,10,10.0
4759,1,9,10,10.0
3458,1,9,10,10.0
5379,1,9,10,10.0
5160,1,9,10,10.0
952,2,18,20,10.0
4946,1,9,10,10.0
9323,1,9,10,10.0
5184,1,9,10,10.0
8713,1,9,10,10.0
4488,1,9,10,10.0
5425,1,9,10,10.0
7983,1,9,10,10.0
5165,1,9,10,10.0
4929,1,9,10,10.0
5183,1,9,10,10.0
4974,1,9,10,10.0
5451,1,9,10,10.0
6186,1,9,10,10.0
5039,1,9,10,10.0
2645,1,9,10,10.0
5466,1,9,10,10.0
8579,1,9,10,10.0
4556,1,9,10,10.0
5450,2,18,20,10.0
4371,1,9,10,10.0
4550,1,9,10,10.0
4649,1,9,10,10.0
1175,1,9,10,10.0
3854,1,9,10,10.0
1172,1,9,10,10.0
4489,1,9,10,10.0
46,1,9,10,10.0
7592,1,9,10,10.0
6704,1,9,10,10.0
9065,1,9,10,10.0
907,1,9,10,10.0
6706,1,9,10,10.0
460,1,9,10,10.0
1161,1,9,10,10.0
1155,1,9,10,10.0
6708,1,9,10,10.0
1148,1,9,10,10.0
1176,1,9,10,10.0
6828,1,9,10,10.0
7634,1,9,10,10.0
2793,1,9,10,10.0
659,1,9,10,10.0
1273,1,9,10,10.0
884,1,9,10,10.0
738,1,9,10,10.0
464,1,9,10,10.0
9258,1,9,10,10.0
9236,1,9,10,10.0
5263,1,9,10,10.0
4072,1,9,10,10.0
3404,3,27,30,10.0
5779,1,9,10,10.0
1243,1,9,10,10.0
6660,1,9,10,10.0
5212,1,9,10,10.0
129,1,9,10,10.0
656,1,9,10,10.0
5134,1,9,10,10.0
7837,1,9,10,10.0
5070,1,9,10,10.0
63,1,9,10,10.0
4319,1,9,10,10.0
4746,1,9,10,10.0
5693,1,9,10,10.0
4313,1,9,10,10.0
633,1,9,10,10.0
4304,1,9,10,10.0
8186,1,9,10,10.0
8184,1,9,10,10.0
2049,1,9,10,10.0
4830,1,9,10,10.0
4310,1,9,10,10.0
2454,1,9,10,10.0
7990,1,9,10,10.0
5702,1,9,10,10.0
4323,1,9,10,10.0
2173,1,9,10,10.0
7874,1,9,10,10.0
983,2,18,20,10.0
4324,1,9,10,10.0
4785,1,9,10,10.0
4750,1,9,10,10.0
368,1,9,10,10.0
7270,1,9,10,10.0
592,1,9,10,10.0
4767,1,9,10,10.0
713,1,9,10,10.0
62,1,9,10,10.0
716,1,9,10,10.0
24,1,9,10,10.0
4309,1,9,10,10.0
1150,1,9,10,10.0
8333,1,9,10,10.0
7783,1,9,10,10.0
1024,1,9,10,10.0
652,1,9,10,10.0
8387,1,9,10,10.0
651,1,9,10,10.0
648,1,9,10,10.0
102,1,9,10,10.0
7331,1,9,10,10.0
8349,4,36,40,10.0
3092,1,9,10,10.0
8163,1,9,10,10.0
2537,1,9,10,10.0
5145,1,9,10,10.0
25,1,9,10,10.0
4732,1,9,10,10.0
973,2,18,20,10.0
8348,2,27,29,6.896551724137931
3240,1,19,20,5.0
5704,1,19,20,5.0
5238,1,19,20,5.0
4993,1,19,20,5.0
4940,1,19,20,5.0
4922,1,19,20,5.0
979,1,19,20,5.0
503,1,27,28,3.5714285714285716
5144,0,10,10,0.0
1088,0,10,10,0.0
4564,0,10,10,0.0
961,0,20,20,0.0
7309,0,10,10,0.0
9167,0,10,10,0.0
3755,0,10,10,0.0
9386,0,20,20,0.0
600,0,10,10,0.0
4523,0,10,10,0.0
7315,0,10,10,0.0
3857,0,10,10,0.0
7340,0,10,10,0.0
743,0,10,10,0.0
1090,0,10,10,0.0
972,0,10,10,0.0
1081,0,10,10,0.0
982,0,10,10,0.0
7404,0,10,10,0.0
981,0,10,10,0.0
92,0,10,10,0.0
969,0,10,10,0.0
7326,0,10,10,0.0
7312,0,10,10,0.0
7367,0,10,10,0.0
375,0,10,10,0.0
408,0,10,10,0.0
1152,0,10,10,0.0
4742,0,10,10,0.0
3220,0,10,10,0.0
3219,0,19,19,0.0
5534,0,10,10,0.0
5560,0,10,10,0.0
321,0,10,10,0.0
1913,0,10,10,0.0
4896,0,10,10,0.0
2607,0,10,10,0.0
5615,0,10,10,0.0
5617,0,10,10,0.0
5618,0,10,10,0.0
8340,0,28,28,0.0
7784,0,10,10,0.0
4745,0,10,10,0.0
9066,0,10,10,0.0
487,0,9,9,0.0
3142,0,10,10,0.0
5692,0,20,20,0.0
5697,0,9,9,0.0
6244,0,10,10,0.0
6238,0,10,10,0.0
6218,0,10,10,0.0
6217,0,10,10,0.0
7878,0,10,10,0.0
5717,0,20,20,0.0
4345,0,10,10,0.0
4763,0,10,10,0.0
5734,0,20,20,0.0
3222,0,9,9,0.0
619,0,20,20,0.0
4923,0,10,10,0.0
3229,0,10,10,0.0
5781,0,10,10,0.0
525,0,10,10,0.0
1173,0,10,10,0.0
3326,0,10,10,0.0
809,0,10,10,0.0
3320,0,10,10,0.0
2718,0,9,9,0.0
660,0,9,9,0.0
5778,0,10,10,0.0
1264,0,10,10,0.0
1265,0,10,10,0.0
1268,0,10,10,0.0
1270,0,10,10,0.0
3273,0,10,10,0.0
1298,0,8,8,0.0
5364,0,10,10,0.0
1342,0,8,8,0.0
6565,0,10,10,0.0
3241,0,10,10,0.0
4939,0,10,10,0.0
4938,0,10,10,0.0
5446,0,10,10,0.0
3236,0,10,10,0.0
8549,0,10,10,0.0
7751,0,9,9,0.0
5482,0,10,10,0.0
7752,0,8,8,0.0
5718,0,9,9,0.0
