,0.1,0.2,0.30000000000000004,0.4,0.5,0.6,0.7000000000000001,0.8,0.9
Female,0.048558419268707215,0.02790415296211653,0.01731253586806766,0.2711709200255677,0.2740281281779346,0.08321930114900136,-0.1921798775895991,0.04449058955260101,0.15214752028511286
GIRM_MUGU_20hyrule:joncrall:/media/raid/work/GIRM_MUGU_200,0.0,0.0,0.0,0.0,0.0,0.0,0.0,0.0,0.0
IBEIS_PZ_0001,0.0,0.0,0.0,0.0,0.0,0.0,0.0,0.0,0.0
IBEIS_PZ_0003,0.0,0.0,0.0,0.0,0.0,0.0,0.0,0.0,0.0
IBEIS_PZ_0005,0.0,0.0,0.0,0.0,0.0,0.0,0.0,0.0,0.0
IBEIS_PZ_0007,0.0,0.0,0.0,0.0,0.0,0.0,0.0,0.0,0.0
IBEIS_PZ_0010,0.0,0.0,0.0,0.0,0.0,0.0,0.0,0.0,0.0
IBEIS_PZ_0011,0.42530911713209535,0.451443639479257,0.4520371754107648,0.4461628860521917,0.40369545368035237,0.4628142570560108,0.0,0.0,0.0
IBEIS_PZ_0012,0.0,0.0,0.0,0.0,0.0,0.0,0.0,0.0,0.0
IBEIS_PZ_0013,0.24470220264592069,0.23997830334179734,0.21545903232809854,0.19360227077981904,0.2024482789183148,0.21693635922450283,0.20121331949654056,0.211082217588555,0.0
IBEIS_PZ_0014,0.0,0.0,0.0,0.0,0.0,0.0,0.0,0.0,0.0
IBEIS_PZ_0015,0.0,0.0,0.0,0.0,0.0,0.0,0.0,0.0,0.0
IBEIS_PZ_0017,0.0,0.0,0.0,0.0,0.0,0.0,0.0,0.0,0.0
IBEIS_PZ_0019,-0.4531642281516088,-0.42765897023500815,-0.42206633511587033,0.0,0.0,0.0,0.0,0.0,0.0
IBEIS_PZ_0020,0.0,0.0,0.0,0.0,0.0,0.0,0.0,0.0,0.0
IBEIS_PZ_0021,0.45094333191279057,0.4719521505712,0.5219020344051711,0.44693958684416163,0.3546255664293395,0.37730722241285564,0.46595570953668103,0.3267073433113336,0.388443957101644
IBEIS_PZ_0022,-0.40212866432666006,-0.3858623740089168,-0.35644991405301685,-0.3716473544225785,-0.3834824291705041,-0.2703201513835907,-0.31905674368617765,-0.22378025479181263,0.0
IBEIS_PZ_0023,-0.20485694846563932,-0.1634461846969987,-0.1597710724420927,-0.1600494400427924,-0.16572036881729818,-0.19828409727985266,-0.1465130238733184,-0.2116288603207033,-0.22872901126295841
IBEIS_PZ_0025,0.0,0.0,0.0,0.0,0.0,0.0,0.0,0.0,0.0
IBEIS_PZ_0026,-0.20485694846563932,-0.1634461846969987,-0.1597710724420927,-0.1600494400427924,-0.16572036881729818,-0.19828409727985266,-0.1465130238733184,-0.2116288603207033,-0.22872901126295841
IBEIS_PZ_0027,0.0,0.0,0.0,0.0,0.0,0.0,0.0,0.0,0.0
IBEIS_PZ_0028,0.0,0.0,0.0,0.0,0.0,0.0,0.0,0.0,0.0
IBEIS_PZ_0029,0.0,0.0,0.0,0.0,0.0,0.0,0.0,0.0,0.0
IBEIS_PZ_0031,0.0,0.0,0.0,0.0,0.0,0.0,0.0,0.0,0.0
IBEIS_PZ_0032,0.0,0.0,0.0,0.0,0.0,0.0,0.0,0.0,0.0
IBEIS_PZ_0033,0.0,0.0,0.0,0.0,0.0,0.0,0.0,0.0,0.0
IBEIS_PZ_0034,0.0,0.0,0.0,0.0,0.0,0.0,0.0,0.0,0.0
IBEIS_PZ_0037,0.3375373251496953,0.3087800142813773,0.3295965232426772,0.3283544841743085,0.2583511173756759,0.2642493570761582,0.2522458587230088,0.13076491466931198,0.21723293978715755
IBEIS_PZ_0039,0.0,0.0,0.0,0.0,0.0,0.0,0.0,0.0,0.0
IBEIS_PZ_0040,0.0,0.0,0.0,0.0,0.0,0.0,0.0,0.0,0.0
IBEIS_PZ_0041,0.0,0.0,0.0,0.0,0.0,0.0,0.0,0.0,0.0
IBEIS_PZ_0043,-0.07337625402947054,-0.06573236644136042,-0.07187902915231444,-0.07999983650330826,-0.08837023452215842,0.0,0.0,0.0,0.0
IBEIS_PZ_0044,0.0,0.0,0.0,0.0,0.0,0.0,0.0,0.0,0.0
IBEIS_PZ_0045,0.0,0.0,0.0,0.0,0.0,0.0,0.0,0.0,0.0
IBEIS_PZ_0047,0.0,0.0,0.0,0.0,0.0,0.0,0.0,0.0,0.0
IBEIS_PZ_0050,0.0,0.0,0.0,0.0,0.0,0.0,0.0,0.0,0.0
IBEIS_PZ_0055,0.0,0.0,0.0,0.0,0.0,0.0,0.0,0.0,0.0
IBEIS_PZ_0056,0.0,0.0,0.0,0.0,0.0,0.0,0.0,0.0,0.0
IBEIS_PZ_0057,0.0,0.0,0.0,0.0,0.0,0.0,0.0,0.0,0.0
IBEIS_PZ_0058,0.0,0.0,0.0,0.0,0.0,0.0,0.0,0.0,0.0
IBEIS_PZ_0059,0.0,0.0,0.0,0.0,0.0,0.0,0.0,0.0,0.0
IBEIS_PZ_0060,-0.07569717548042973,-0.06746156133238142,-0.05793104481696095,-0.11625343563628159,-0.1111674144055096,-0.1403631702852929,-0.12989609116139791,-0.20908822773388097,0.0
IBEIS_PZ_0061,0.0,0.0,0.0,0.0,0.0,0.0,0.0,0.0,0.0
IBEIS_PZ_0063,0.0,0.0,0.0,0.0,0.0,0.0,0.0,0.0,0.0
IBEIS_PZ_0065,0.0,0.0,0.0,0.0,0.0,0.0,0.0,0.0,0.0
IBEIS_PZ_0067,-0.06338383167194432,-0.03482871314114652,-0.08125691479424613,0.35813371307716985,0.3251341502365521,0.0,0.0,0.0,0.0
IBEIS_PZ_0068,0.0,0.0,0.0,0.0,0.0,0.0,0.0,0.0,0.0
IBEIS_PZ_0071,0.0,0.0,0.0,0.0,0.0,0.0,0.0,0.0,0.0
IBEIS_PZ_0074,0.0,0.0,0.0,0.0,0.0,0.0,0.0,0.0,0.0
IBEIS_PZ_0075,0.0,0.0,0.0,0.0,0.0,0.0,0.0,0.0,0.0
IBEIS_PZ_0077,0.0,0.0,0.0,0.0,0.0,0.0,0.0,0.0,0.0
IBEIS_PZ_0079,0.0,0.0,0.0,0.0,0.0,0.0,0.0,0.0,0.0
IBEIS_PZ_0081,0.11717801175966884,0.08430682135852322,0.08996085630173282,0.09550245195924276,0.0,0.0,0.0,0.0,0.0
IBEIS_PZ_0082,0.0,0.0,0.0,0.0,0.0,0.0,0.0,0.0,0.0
IBEIS_PZ_0084,0.0,0.0,0.0,0.0,0.0,0.0,0.0,0.0,0.0
IBEIS_PZ_0085,0.0,0.0,0.0,0.0,0.0,0.0,0.0,0.0,0.0
IBEIS_PZ_0088,-0.30786836800453987,-0.30576514181532083,-0.34206007713960174,0.0,0.0,0.0,0.0,0.0,0.0
IBEIS_PZ_0089,0.0,0.0,0.0,0.0,0.0,0.0,0.0,0.0,0.0
IBEIS_PZ_0095,0.0,0.0,0.0,0.0,0.0,0.0,0.0,0.0,0.0
IBEIS_PZ_0098,0.0,0.0,0.0,0.0,0.0,0.0,0.0,0.0,0.0
IBEIS_PZ_0099,0.20342993253641203,0.1862140025668966,0.17792444381526878,0.17506961492799428,0.14166227388923291,0.13051638157674672,0.0,0.0,0.0
IBEIS_PZ_0101,-0.27797625428039197,-0.2652217196588905,-0.344456961184146,-0.3011980521325418,-0.31119710735679423,-0.29099633914586154,-0.25173663960938253,-0.38095329424484753,0.0
IBEIS_PZ_0102,0.0,0.0,0.0,0.0,0.0,0.0,0.0,0.0,0.0
IBEIS_PZ_0103,0.5227878388837026,0.0,0.0,0.0,0.0,0.0,0.0,0.0,0.0
IBEIS_PZ_0105,0.0,0.0,0.0,0.0,0.0,0.0,0.0,0.0,0.0
IBEIS_PZ_0106,0.3093940773728566,0.2495008625415605,0.2401527359039815,0.3560076184341381,0.0,0.0,0.0,0.0,0.0
IBEIS_PZ_0107,0.4963650284531738,0.4626353992804167,0.3875095898977425,0.0,0.0,0.0,0.0,0.0,0.0
IBEIS_PZ_0108,0.0,0.0,0.0,0.0,0.0,0.0,0.0,0.0,0.0
IBEIS_PZ_0109,0.0,0.0,0.0,0.0,0.0,0.0,0.0,0.0,0.0
IBEIS_PZ_0110,0.0,0.0,0.0,0.0,0.0,0.0,0.0,0.0,0.0
IBEIS_PZ_0112,0.0,0.0,0.0,0.0,0.0,0.0,0.0,0.0,0.0
IBEIS_PZ_0113,0.0,0.0,0.0,0.0,0.0,0.0,0.0,0.0,0.0
IBEIS_PZ_0114,0.0,0.0,0.0,0.0,0.0,0.0,0.0,0.0,0.0
IBEIS_PZ_0118,0.0,0.0,0.0,0.0,0.0,0.0,0.0,0.0,0.0
IBEIS_PZ_0119,0.0,0.0,0.0,0.0,0.0,0.0,0.0,0.0,0.0
IBEIS_PZ_0120,0.0,0.0,0.0,0.0,0.0,0.0,0.0,0.0,0.0
IBEIS_PZ_0121,0.0,0.0,0.0,0.0,0.0,0.0,0.0,0.0,0.0
IBEIS_PZ_0122,0.0,0.0,0.0,0.0,0.0,0.0,0.0,0.0,0.0
IBEIS_PZ_0127,0.0,0.0,0.0,0.0,0.0,0.0,0.0,0.0,0.0
IBEIS_PZ_0131,0.0,0.0,0.0,0.0,0.0,0.0,0.0,0.0,0.0
IBEIS_PZ_0132,0.0,0.0,0.0,0.0,0.0,0.0,0.0,0.0,0.0
IBEIS_PZ_0137,-0.10918840179150346,0.0,0.0,0.0,0.0,0.0,0.0,0.0,0.0
IBEIS_PZ_0148,0.0,0.0,0.0,0.0,0.0,0.0,0.0,0.0,0.0
IBEIS_PZ_0158,-0.2647924555412012,-0.2106993922872893,-0.20477266942200897,0.0,0.0,0.0,0.0,0.0,0.0
IBEIS_PZ_0159,0.0,0.0,0.0,0.0,0.0,0.0,0.0,0.0,0.0
IBEIS_PZ_0162,0.0,0.0,0.0,0.0,0.0,0.0,0.0,0.0,0.0
IBEIS_PZ_0166,0.0,0.0,0.0,0.0,0.0,0.0,0.0,0.0,0.0
IBEIS_PZ_0167,-0.2647924555412012,-0.2106993922872893,-0.20477266942200897,0.0,0.0,0.0,0.0,0.0,0.0
IBEIS_PZ_0169,0.0,0.0,0.0,0.0,0.0,0.0,0.0,0.0,0.0
IBEIS_PZ_0174,0.0,0.0,0.0,0.0,0.0,0.0,0.0,0.0,0.0
IBEIS_PZ_0180,0.0,0.0,0.0,0.0,0.0,0.0,0.0,0.0,0.0
IBEIS_PZ_0182,0.03780603219469936,-0.1634461846969987,-0.1597710724420927,-0.1600494400427924,-0.16572036881729818,-0.19828409727985266,-0.1465130238733184,-0.2116288603207033,-0.22872901126295841
IBEIS_PZ_0183,0.0,0.0,0.0,0.0,0.0,0.0,0.0,0.0,0.0
IBEIS_PZ_0184,0.0,0.0,0.0,0.0,0.0,0.0,0.0,0.0,0.0
IBEIS_PZ_0185,0.0,0.0,0.0,0.0,0.0,0.0,0.0,0.0,0.0
IBEIS_PZ_0187,0.0,0.0,0.0,0.0,0.0,0.0,0.0,0.0,0.0
IBEIS_PZ_0188,-0.30033706551861594,-0.2634841685602352,-0.2368755039237069,-0.32165476859602316,-0.2707000504490931,-0.16047463482432456,-0.16115209973449285,-0.07024180727294414,-0.07527956742159625
IBEIS_PZ_0189,0.0,0.0,0.0,0.0,0.0,0.0,0.0,0.0,0.0
IBEIS_PZ_0190,0.0,0.0,0.0,0.0,0.0,0.0,0.0,0.0,0.0
IBEIS_PZ_0195,0.0,0.0,0.0,0.0,0.0,0.0,0.0,0.0,0.0
IBEIS_PZ_0196,0.0,0.0,0.0,0.0,0.0,0.0,0.0,0.0,0.0
IBEIS_PZ_0197,0.0,0.0,0.0,0.0,0.0,0.0,0.0,0.0,0.0
IBEIS_PZ_0198,0.5251397659463476,0.5752213142501464,0.5447331228612997,0.0,0.0,0.0,0.0,0.0,0.0
IBEIS_PZ_0200,-0.23910196229981717,-0.23271211796003824,-0.2526950658939749,-0.259633460551517,-0.20839000307683223,-0.19480707944962913,0.2522458587230088,0.13076491466931198,0.21723293978715755
IBEIS_PZ_0203,0.0,0.0,0.0,0.0,0.0,0.0,0.0,0.0,0.0
IBEIS_PZ_0204,0.42530911713209535,0.451443639479257,0.4520371754107648,0.4461628860521917,0.40369545368035237,0.4628142570560108,0.0,0.0,0.0
IBEIS_PZ_0205,0.0,0.0,0.0,0.0,0.0,0.0,0.0,0.0,0.0
IBEIS_PZ_0206,0.2898755206342221,0.0,0.0,0.0,0.0,0.0,0.0,0.0,0.0
IBEIS_PZ_0207,0.0,0.0,0.0,0.0,0.0,0.0,0.0,0.0,0.0
IBEIS_PZ_0209,-0.4531642281516088,-0.42765897023500815,-0.42206633511587033,0.0,0.0,0.0,0.0,0.0,0.0
IBEIS_PZ_0210,0.38628751336739137,0.3720223057656027,0.33559468919710905,0.3842592946962129,0.361118707567677,0.3346219854494508,0.2674716030785235,0.0,0.0
IBEIS_PZ_0212,-0.07337625402947054,-0.06573236644136042,-0.07187902915231444,-0.07999983650330826,-0.08837023452215842,0.0,0.0,0.0,0.0
IBEIS_PZ_0214,-0.26991750153688204,-0.2842950350201845,-0.3992608902393628,-0.6467600324963163,-0.7243022089563229,-0.3367386698888853,-0.3536849487651866,-0.528804780015609,-0.542508078296303
IBEIS_PZ_0215,0.0,0.0,0.0,0.0,0.0,0.0,0.0,0.0,0.0
IBEIS_PZ_0216,0.0,0.0,0.0,0.0,0.0,0.0,0.0,0.0,0.0
IBEIS_PZ_0219,0.0,0.0,0.0,0.0,0.0,0.0,0.0,0.0,0.0
IBEIS_PZ_0220,0.0,0.0,0.0,0.0,0.0,0.0,0.0,0.0,0.0
IBEIS_PZ_0222,0.0,0.0,0.0,0.0,0.0,0.0,0.0,0.0,0.0
IBEIS_PZ_0223,-0.10229220999704769,-0.07859337246741005,0.0,0.0,0.0,0.0,0.0,0.0,0.0
IBEIS_PZ_0224,-0.30033706551861594,-0.2634841685602352,-0.2368755039237069,-0.32165476859602316,-0.2707000504490931,-0.16047463482432456,-0.16115209973449285,-0.07024180727294414,-0.07527956742159625
IBEIS_PZ_0226,-0.40212866432666006,-0.3858623740089168,-0.35644991405301685,-0.3716473544225785,-0.3834824291705041,-0.2703201513835907,-0.31905674368617765,-0.22378025479181263,0.0
IBEIS_PZ_0227,-0.07337625402947054,-0.06573236644136042,-0.07187902915231444,-0.07999983650330826,-0.08837023452215842,0.0,0.0,0.0,0.0
IBEIS_PZ_0229,-0.28017889336872104,-0.26034620214858584,-0.262037964338447,-0.31897980950690136,-0.3601204275042358,-0.3625711692052664,-0.2706547226449982,0.0,0.0
IBEIS_PZ_0230,0.0,0.0,0.0,0.0,0.0,0.0,0.0,0.0,0.0
IBEIS_PZ_0231,0.0,0.0,0.0,0.0,0.0,0.0,0.0,0.0,0.0
IBEIS_PZ_0234,0.0,0.0,0.0,0.0,0.0,0.0,0.0,0.0,0.0
IBEIS_PZ_0235,-0.07337625402947054,-0.06573236644136042,-0.07187902915231444,-0.07999983650330826,-0.08837023452215842,0.0,0.0,0.0,0.0
IBEIS_PZ_0238,0.0,0.0,0.0,0.0,0.0,0.0,0.0,0.0,0.0
IBEIS_PZ_0240,-0.31600063525017713,-0.3625410890030217,-0.3312446665174323,-0.3664085346601199,0.0,0.0,0.0,0.0,0.0
IBEIS_PZ_0244,0.0,0.0,0.0,0.0,0.0,0.0,0.0,0.0,0.0
IBEIS_PZ_0247,-0.07337625402947054,-0.06573236644136042,-0.07187902915231444,-0.07999983650330826,-0.08837023452215842,0.0,0.0,0.0,0.0
IBEIS_PZ_0249,-0.10229220999704769,-0.07859337246741005,0.0,0.0,0.0,0.0,0.0,0.0,0.0
IBEIS_PZ_0254,0.0,0.0,0.0,0.0,0.0,0.0,0.0,0.0,0.0
IBEIS_PZ_0255,-0.2147446876916853,-0.23302885773111562,-0.288555423857521,-0.209892578624683,0.0,0.0,0.0,0.0,0.0
IBEIS_PZ_0260,0.0,0.0,0.0,0.0,0.0,0.0,0.0,0.0,0.0
IBEIS_PZ_0261,0.0,0.0,0.0,0.0,0.0,0.0,0.0,0.0,0.0
IBEIS_PZ_0262,0.0,0.0,0.0,0.0,0.0,0.0,0.0,0.0,0.0
IBEIS_PZ_0263,-0.01876852996973432,-0.011899621337685183,-0.01019002931464389,-0.03010403403316591,-0.023680180833855875,-0.01505400601864296,-0.019316333031898104,-0.012154236829504875,0.0
IBEIS_PZ_0264,-0.44590279896686047,-0.4206327266628502,-0.43440738488819935,-0.44525536242861047,-0.4810369575266259,-0.474486028698466,-0.41822441735589067,0.0,0.0
IBEIS_PZ_0269,0.0,0.0,0.0,0.0,0.0,0.0,0.0,0.0,0.0
IBEIS_PZ_0270,0.0,0.0,0.0,0.0,0.0,0.0,0.0,0.0,0.0
IBEIS_PZ_0271,0.0,0.0,0.0,0.0,0.0,0.0,0.0,0.0,0.0
IBEIS_PZ_0278,0.0,0.0,0.0,0.0,0.0,0.0,0.0,0.0,0.0
IBEIS_PZ_0279,0.0,0.0,0.0,0.0,0.0,0.0,0.0,0.0,0.0
IBEIS_PZ_0282,0.0,0.0,0.0,0.0,0.0,0.0,0.0,0.0,0.0
IBEIS_PZ_0291,-0.3119341527202529,-0.3123644847484468,0.0,0.0,0.0,0.0,0.0,0.0,0.0
IBEIS_PZ_0294,0.0,0.0,0.0,0.0,0.0,0.0,0.0,0.0,0.0
IBEIS_PZ_0297,0.0,0.0,0.0,0.0,0.0,0.0,0.0,0.0,0.0
IBEIS_PZ_0303,0.3481594146371948,0.3650474176101694,0.28357890813583514,0.0,0.0,0.0,0.0,0.0,0.0
IBEIS_PZ_0306,0.0,0.0,0.0,0.0,0.0,0.0,0.0,0.0,0.0
IBEIS_PZ_0307,0.0,0.0,0.0,0.0,0.0,0.0,0.0,0.0,0.0
IBEIS_PZ_0312,-0.8205284795771102,-0.7428130738066057,-0.7567372752999802,-0.8671875753266145,-0.42612141396181014,-0.4222069399619739,0.0,0.0,0.0
IBEIS_PZ_0322,-0.40212866432666006,-0.3858623740089168,-0.35644991405301685,-0.3716473544225785,-0.3834824291705041,-0.2703201513835907,-0.31905674368617765,-0.22378025479181263,0.0
IBEIS_PZ_0325,0.0,0.0,0.0,0.0,0.0,0.0,0.0,0.0,0.0
IBEIS_PZ_0326,0.0,0.0,0.0,0.0,0.0,0.0,0.0,0.0,0.0
IBEIS_PZ_0328,-0.06912679977305944,-0.06904645906801678,-0.056422508626825886,-0.12193988963605468,-0.12646420563681648,-0.10265983843711127,-0.14716571994267186,-0.08474626618467056,0.0
IBEIS_PZ_0331,0.0,0.0,0.0,0.0,0.0,0.0,0.0,0.0,0.0
IBEIS_PZ_0333,0.0,0.0,0.0,0.0,0.0,0.0,0.0,0.0,0.0
IBEIS_PZ_0334,0.0,0.0,0.0,0.0,0.0,0.0,0.0,0.0,0.0
IBEIS_PZ_0337,-0.01876852996973432,-0.011899621337685183,-0.01019002931464389,-0.03010403403316591,-0.023680180833855875,-0.01505400601864296,-0.019316333031898104,-0.012154236829504875,0.0
IBEIS_PZ_0342,0.32466548366397247,0.36185262194338536,0.33379495595047043,0.2980627763063615,0.3307828934517888,0.3279113388894106,0.0,0.0,0.0
IBEIS_PZ_0345,0.0,0.0,0.0,0.0,0.0,0.0,0.0,0.0,0.0
IBEIS_PZ_0349,0.47522516701553696,0.0,0.0,0.0,0.0,0.0,0.0,0.0,0.0
IBEIS_PZ_0355,0.08257693815379498,0.07764152921391528,0.0,0.0,0.0,0.0,0.0,0.0,0.0
IBEIS_PZ_0356,-0.01876852996973432,-0.011899621337685183,-0.01019002931464389,-0.03010403403316591,-0.023680180833855875,-0.01505400601864296,-0.019316333031898104,-0.012154236829504875,0.0
IBEIS_PZ_0357,0.0,0.0,0.0,0.0,0.0,0.0,0.0,0.0,0.0
IBEIS_PZ_0364,-0.01876852996973432,-0.011899621337685183,-0.01019002931464389,-0.03010403403316591,-0.023680180833855875,-0.01505400601864296,-0.019316333031898104,-0.012154236829504875,0.0
IBEIS_PZ_0370,0.0,0.0,0.0,0.0,0.0,0.0,0.0,0.0,0.0
IBEIS_PZ_0373,0.1516297886730335,0.17536067874690894,0.16248758559501741,0.058782543380944935,0.030799582760002907,0.10885762702090909,0.06305365544817737,-0.05639784695207799,0.0
IBEIS_PZ_0377,0.06171308592112903,0.08560981944794209,0.07545077622283917,0.09996987344776419,0.0,0.0,0.0,0.0,0.0
IBEIS_PZ_0379,0.0,0.0,0.0,0.0,0.0,0.0,0.0,0.0,0.0
IBEIS_PZ_0383,0.0,0.0,0.0,0.0,0.0,0.0,0.0,0.0,0.0
IBEIS_PZ_0384,0.30401345273268365,0.3076466282104038,0.26691522923184635,0.0,0.0,0.0,0.0,0.0,0.0
IBEIS_PZ_0388,0.0,0.0,0.0,0.0,0.0,0.0,0.0,0.0,0.0
IBEIS_PZ_0394,-0.3602621881962855,-0.3188444426958989,-0.295965920281693,-0.37889503835785737,-0.36468753925223374,-0.30724348150573216,-0.37574657219943713,-0.3526851765305767,0.0
IBEIS_PZ_0395,0.0,0.0,0.0,0.0,0.0,0.0,0.0,0.0,0.0
IBEIS_PZ_0399,0.11696077069183666,0.09917470967671291,0.0,0.0,0.0,0.0,0.0,0.0,0.0
IBEIS_PZ_0400,0.0,0.0,0.0,0.0,0.0,0.0,0.0,0.0,0.0
IBEIS_PZ_0401,0.0,0.0,0.0,0.0,0.0,0.0,0.0,0.0,0.0
IBEIS_PZ_0403,0.19772998049085996,0.2312754805751402,0.26909442425465807,0.21444894443909238,0.23772185520824282,0.19110233945867386,0.2401385031423786,0.21031079714539663,0.2381006562363615
IBEIS_PZ_0404,-0.12924088164251346,-0.09604876282863886,-0.09993165902362378,-0.1483765418653512,-0.19877561095600702,-0.23990388385059888,-0.2770218387937267,-0.3221387506301486,-0.13368659673813638
IBEIS_PZ_0407,-0.4770057380181661,-0.52117532166448,-0.5024948478900033,-0.4581322338460408,-0.47648849200056753,0.0,0.0,0.0,0.0
IBEIS_PZ_0408,0.0,0.0,0.0,0.0,0.0,0.0,0.0,0.0,0.0
IBEIS_PZ_0409,0.0,0.0,0.0,0.0,0.0,0.0,0.0,0.0,0.0
IBEIS_PZ_0410,0.0,0.0,0.0,0.0,0.0,0.0,0.0,0.0,0.0
IBEIS_PZ_0411,0.0,0.0,0.0,0.0,0.0,0.0,0.0,0.0,0.0
IBEIS_PZ_0415,0.0,0.0,0.0,0.0,0.0,0.0,0.0,0.0,0.0
IBEIS_PZ_0417,0.0,0.0,0.0,0.0,0.0,0.0,0.0,0.0,0.0
IBEIS_PZ_0420,0.0,0.0,0.0,0.0,0.0,0.0,0.0,0.0,0.0
IBEIS_PZ_0423,-0.14035114392915238,-0.16927652747379213,0.0,0.0,0.0,0.0,0.0,0.0,0.0
IBEIS_PZ_0425,0.0,0.0,0.0,0.0,0.0,0.0,0.0,0.0,0.0
IBEIS_PZ_0439,0.20983370337461246,0.0,0.0,0.0,0.0,0.0,0.0,0.0,0.0
IBEIS_PZ_0442,0.18638004013371826,0.18375336884520418,0.21217194585366544,0.27866677300489967,0.28358113508184424,0.0,0.0,0.0,0.0
IBEIS_PZ_0443,-0.48472114694243107,-0.4658099716712532,-0.5004641624893051,-0.46960688154307473,-0.5329605858675778,-0.524849170543381,-0.4091632775038102,0.0,0.0
IBEIS_PZ_0444,-0.30786836800453987,-0.30576514181532083,-0.34206007713960174,0.0,0.0,0.0,0.0,0.0,0.0
IBEIS_PZ_0445,-0.019891089612921655,0.02063405599948914,0.029204631636612303,0.022076197044872486,0.0484787070111683,0.03272646809900835,0.061917538667892354,0.19302325367389203,0.0
IBEIS_PZ_0446,-0.47094302147339995,-0.4232091667877064,-0.41732174621049006,-0.4329464873076148,0.0,0.0,0.0,0.0,0.0
IBEIS_PZ_0447,-0.47094302147339995,-0.4232091667877064,-0.41732174621049006,-0.4329464873076148,0.0,0.0,0.0,0.0,0.0
IBEIS_PZ_0448,0.3212063401443991,0.32179605451775245,0.37416695786238896,0.3000622565675942,0.2897387400909514,0.2558011332048116,0.24987427628464037,0.0,0.0
IBEIS_PZ_0453,0.0,0.0,0.0,0.0,0.0,0.0,0.0,0.0,0.0
IBEIS_PZ_0454,0.0,0.0,0.0,0.0,0.0,0.0,0.0,0.0,0.0
IBEIS_PZ_0464,0.0,0.0,0.0,0.0,0.0,0.0,0.0,0.0,0.0
IBEIS_PZ_0468,0.0,0.0,0.0,0.0,0.0,0.0,0.0,0.0,0.0
IBEIS_PZ_0473,-0.12784436287232137,-0.13692651568124295,-0.14211373990055734,-0.12759900024203688,-0.16695235980760487,-0.1772201786917116,-0.1681135815508683,-0.09970240888981981,0.0
IBEIS_PZ_0474,-0.12784436287232137,-0.13692651568124295,-0.14211373990055734,-0.12759900024203688,-0.16695235980760487,-0.1772201786917116,-0.1681135815508683,-0.09970240888981981,0.0
IBEIS_PZ_0475,0.0,0.0,0.0,0.0,0.0,0.0,0.0,0.0,0.0
IBEIS_PZ_0495,0.1895343871337862,0.23741576964501673,0.29755102029677893,0.2534385631729897,0.3181411124529195,0.2737512402136803,0.21092884220395813,0.23492161516383775,0.0
IBEIS_PZ_0497,0.44989283217412956,0.42270447493501384,0.3648691266799861,0.4601253328596156,0.42505124974427905,0.4058836743073539,0.43401540441805464,0.41830763766416923,0.0
IBEIS_PZ_0499,0.0,0.0,0.0,0.0,0.0,0.0,0.0,0.0,0.0
IBEIS_PZ_0503,-0.2508893280811019,0.0,0.0,0.0,0.0,0.0,0.0,0.0,0.0
IBEIS_PZ_0512,0.0,0.0,0.0,0.0,0.0,0.0,0.0,0.0,0.0
IBEIS_PZ_0514,0.0,0.0,0.0,0.0,0.0,0.0,0.0,0.0,0.0
IBEIS_PZ_0516,0.19110634504513532,0.17096511451600607,0.22264146634560875,0.20626658801345313,0.09956538615883469,-0.14446067362216072,-0.09274921130731593,-0.2030262492229932,0.0
IBEIS_PZ_0517,0.0,0.0,0.0,0.0,0.0,0.0,0.0,0.0,0.0
IBEIS_PZ_0518,0.0,0.0,0.0,0.0,0.0,0.0,0.0,0.0,0.0
IBEIS_PZ_0519,0.17377423247439985,0.2266302432733671,0.20673907885574816,0.1900065347904097,0.16879480904913285,0.14444825560473148,-0.07337772291072045,0.0,0.0
IBEIS_PZ_0522,0.0,0.0,0.0,0.0,0.0,0.0,0.0,0.0,0.0
IBEIS_PZ_0523,0.44792987884132923,0.4199362747932555,0.3412880660969046,0.0,0.0,0.0,0.0,0.0,0.0
IBEIS_PZ_0525,0.0,0.0,0.0,0.0,0.0,0.0,0.0,0.0,0.0
IBEIS_PZ_0527,0.0,0.0,0.0,0.0,0.0,0.0,0.0,0.0,0.0
IBEIS_PZ_0528,0.0,0.0,0.0,0.0,0.0,0.0,0.0,0.0,0.0
IBEIS_PZ_0529,0.0,0.0,0.0,0.0,0.0,0.0,0.0,0.0,0.0
IBEIS_PZ_0531,0.0,0.0,0.0,0.0,0.0,0.0,0.0,0.0,0.0
IBEIS_PZ_0532,0.0,0.0,0.0,0.0,0.0,0.0,0.0,0.0,0.0
IBEIS_PZ_0537,-0.3220308485639709,-0.3134373674662397,-0.2541839358017822,0.0,0.0,0.0,0.0,0.0,0.0
IBEIS_PZ_0538,0.0,0.0,0.0,0.0,0.0,0.0,0.0,0.0,0.0
IBEIS_PZ_0550,0.0,0.0,0.0,0.0,0.0,0.0,0.0,0.0,0.0
IBEIS_PZ_0551,0.0,0.0,0.0,0.0,0.0,0.0,0.0,0.0,0.0
IBEIS_PZ_0553,0.0,0.0,0.0,0.0,0.0,0.0,0.0,0.0,0.0
IBEIS_PZ_0555,0.0,0.0,0.0,0.0,0.0,0.0,0.0,0.0,0.0
IBEIS_PZ_0556,0.0,0.0,0.0,0.0,0.0,0.0,0.0,0.0,0.0
IBEIS_PZ_0558,0.0,0.0,0.0,0.0,0.0,0.0,0.0,0.0,0.0
IBEIS_PZ_0559,0.0,0.0,0.0,0.0,0.0,0.0,0.0,0.0,0.0
IBEIS_PZ_0566,0.39490118517142686,0.39247591889588973,0.39843435046715103,0.4441975572026324,0.3609625014093435,0.3357525673284849,0.45353823508854596,0.0,0.0
IBEIS_PZ_0570,0.0,0.0,0.0,0.0,0.0,0.0,0.0,0.0,0.0
IBEIS_PZ_0571,0.0,0.0,0.0,0.0,0.0,0.0,0.0,0.0,0.0
IBEIS_PZ_0572,0.0,0.0,0.0,0.0,0.0,0.0,0.0,0.0,0.0
IBEIS_PZ_0573,0.43553427938620215,0.4585879765050631,0.48428266591533625,0.5204481515656387,0.49049891441679283,0.49380986714088565,0.45242565341175445,0.33897464110339354,0.3822795618913311
IBEIS_PZ_0579,0.0,0.0,0.0,0.0,0.0,0.0,0.0,0.0,0.0
IBEIS_PZ_0587,-0.1661214309747822,-0.15590614101605677,-0.11320081026817627,-0.09429218259151162,-0.16251633384746322,0.3357525673284849,0.45353823508854596,0.0,0.0
IBEIS_PZ_0592,0.32921221531466255,0.0,0.0,0.0,0.0,0.0,0.0,0.0,0.0
IBEIS_PZ_0595,0.16314902915895924,0.1259995258014156,0.1529818355370053,0.17215457683406904,0.0959732100037191,0.07402817465678188,0.10017719447327568,0.09576316474172289,0.11294197168828671
IBEIS_PZ_0596,0.0,0.0,0.0,0.0,0.0,0.0,0.0,0.0,0.0
IBEIS_PZ_0602,-0.5184988603298772,-0.45239365989717617,0.0,0.0,0.0,0.0,0.0,0.0,0.0
IBEIS_PZ_0603,-0.3345980719269528,-0.28090908968597,0.0,0.0,0.0,0.0,0.0,0.0,0.0
IBEIS_PZ_0608,0.0,0.0,0.0,0.0,0.0,0.0,0.0,0.0,0.0
IBEIS_PZ_0610,0.0,0.0,0.0,0.0,0.0,0.0,0.0,0.0,0.0
IBEIS_PZ_0613,-0.5184988603298772,-0.45239365989717617,0.0,0.0,0.0,0.0,0.0,0.0,0.0
IBEIS_PZ_0617,0.0,0.0,0.0,0.0,0.0,0.0,0.0,0.0,0.0
IBEIS_PZ_0620,0.0,0.0,0.0,0.0,0.0,0.0,0.0,0.0,0.0
IBEIS_PZ_0635,0.27993429042743306,0.2712388031025204,0.33075702099429644,0.28845757147177703,0.23305630797360682,0.0,0.0,0.0,0.0
IBEIS_PZ_0639,0.0,0.0,0.0,0.0,0.0,0.0,0.0,0.0,0.0
IBEIS_PZ_0640,-0.010299746009005682,-0.008458704755597549,-0.015982985782981064,-0.02535813537390268,0.0,0.0,0.0,0.0,0.0
IBEIS_PZ_0641,0.3143572707454484,0.35695928994406595,0.0,0.0,0.0,0.0,0.0,0.0,0.0
IBEIS_PZ_0642,0.0,0.0,0.0,0.0,0.0,0.0,0.0,0.0,0.0
IBEIS_PZ_0643,0.0,0.0,0.0,0.0,0.0,0.0,0.0,0.0,0.0
IBEIS_PZ_0657,-0.08125423378182031,-0.06702165955037954,-0.04593406643182144,-0.08336816681074806,-0.11241810931200674,-0.12664231560932943,0.0,0.0,0.0
IBEIS_PZ_0659,0.1769547895658556,0.2261299081702407,0.21831837627047684,0.2124609549798252,0.0,0.0,0.0,0.0,0.0
IBEIS_PZ_0661,0.1769547895658556,0.2261299081702407,0.21831837627047684,0.2124609549798252,0.0,0.0,0.0,0.0,0.0
IBEIS_PZ_0677,0.0,0.0,0.0,0.0,0.0,0.0,0.0,0.0,0.0
IBEIS_PZ_0680,0.0,0.0,0.0,0.0,0.0,0.0,0.0,0.0,0.0
IBEIS_PZ_0681,0.0,0.0,0.0,0.0,0.0,0.0,0.0,0.0,0.0
IBEIS_PZ_0686,0.0,0.0,0.0,0.0,0.0,0.0,0.0,0.0,0.0
IBEIS_PZ_0708,0.0,0.0,0.0,0.0,0.0,0.0,0.0,0.0,0.0
IBEIS_PZ_0711,0.26902037212269186,0.2842042992312104,0.258811372197607,0.22095893554787324,0.2665784446463117,0.0,0.0,0.0,0.0
IBEIS_PZ_0714,0.0,0.0,0.0,0.0,0.0,0.0,0.0,0.0,0.0
IBEIS_PZ_0719,0.0,0.0,0.0,0.0,0.0,0.0,0.0,0.0,0.0
IBEIS_PZ_0722,0.3682754275394054,0.34674958696991437,0.34884319866083763,0.34656080553674523,0.29496304179590105,0.3102058530282939,0.34399221874943403,0.11402739985102339,0.1848218651953475
IBEIS_PZ_0726,0.0,0.0,0.0,0.0,0.0,0.0,0.0,0.0,0.0
IBEIS_PZ_0728,0.0,0.0,0.0,0.0,0.0,0.0,0.0,0.0,0.0
IBEIS_PZ_0735,0.0,0.0,0.0,0.0,0.0,0.0,0.0,0.0,0.0
IBEIS_PZ_0737,0.0,0.0,0.0,0.0,0.0,0.0,0.0,0.0,0.0
IBEIS_PZ_0738,0.0,0.0,0.0,0.0,0.0,0.0,0.0,0.0,0.0
IBEIS_PZ_0754,-0.20812023392693824,-0.2622234097356791,-0.2704437017685704,-0.22573744395738737,-0.28004846736530814,-0.28982219504410894,-0.2769584997760459,0.11402739985102339,0.1848218651953475
IBEIS_PZ_0755,-0.49589616590534175,-0.43253433286542453,-0.4534486249634652,-0.49164436730137917,-0.5781376538817653,-0.5214494751710445,-0.3695231259404141,-0.2731908862712882,-0.11751923193477035
IBEIS_PZ_0763,-0.03955772529140402,-0.03399142182168312,-0.028651932527520463,-0.07581868599471937,-0.05532509926096836,0.0,0.0,0.0,0.0
IBEIS_PZ_0766,0.0,0.0,0.0,0.0,0.0,0.0,0.0,0.0,0.0
IBEIS_PZ_0769,0.0,0.0,0.0,0.0,0.0,0.0,0.0,0.0,0.0
IBEIS_PZ_0792,0.0,0.0,0.0,0.0,0.0,0.0,0.0,0.0,0.0
IBEIS_PZ_0829,0.0,0.0,0.0,0.0,0.0,0.0,0.0,0.0,0.0
IBEIS_PZ_0831,0.0,0.0,0.0,0.0,0.0,0.0,0.0,0.0,0.0
IBEIS_PZ_0833,-0.04592670101263664,-0.031224187410820524,-0.050179655416780114,-0.07491433636397501,-0.05577355502975716,-0.06878035712007688,0.0,0.0,0.0
IBEIS_PZ_0834,0.15390364522901073,0.12795527292976178,0.14888943701060706,0.16468769358064883,0.1506374727665753,0.14799813395610376,0.0,0.0,0.0
IBEIS_PZ_0836,0.0,0.0,0.0,0.0,0.0,0.0,0.0,0.0,0.0
IBEIS_PZ_0837,0.0,0.0,0.0,0.0,0.0,0.0,0.0,0.0,0.0
IBEIS_PZ_0839,0.0,0.0,0.0,0.0,0.0,0.0,0.0,0.0,0.0
IBEIS_PZ_0840,0.0,0.0,0.0,0.0,0.0,0.0,0.0,0.0,0.0
IBEIS_PZ_0841,0.0,0.0,0.0,0.0,0.0,0.0,0.0,0.0,0.0
IBEIS_PZ_0844,0.0,0.0,0.0,0.0,0.0,0.0,0.0,0.0,0.0
IBEIS_PZ_0845,0.0,0.0,0.0,0.0,0.0,0.0,0.0,0.0,0.0
IBEIS_PZ_0847,0.0,0.0,0.0,0.0,0.0,0.0,0.0,0.0,0.0
IBEIS_PZ_0848,-0.01453147423570841,-0.25277133663384643,-0.2961079572503665,-0.3249444542559171,-0.37240604863370025,-0.4022054055994352,-0.33329301243515613,-0.4184251014351228,-0.2930046067330275
IBEIS_PZ_0849,-0.1195814667767226,-0.09313196046473846,-0.09411432464348815,-0.09501351369391732,-0.08938766965503347,-0.12240733968167739,-0.19099773432347017,0.0,0.0
IBEIS_PZ_0850,0.0,0.0,0.0,0.0,0.0,0.0,0.0,0.0,0.0
IBEIS_PZ_0852,0.0,0.0,0.0,0.0,0.0,0.0,0.0,0.0,0.0
IBEIS_PZ_0853,0.0,0.0,0.0,0.0,0.0,0.0,0.0,0.0,0.0
IBEIS_PZ_0856,-0.03908861783419253,-0.042143930751831815,-0.055986672048877084,-0.06950879682709929,-0.07821450548338232,-0.08231811222735481,-0.10103103048508283,-0.08526008734121851,-0.05254662435828343
IBEIS_PZ_0857,-0.03158258324480759,-0.026088971434820783,-0.02600699194065537,-0.0478229861764179,-0.027897737270692825,-0.04019731608070701,-0.04602481519859183,-0.03681763020184972,-0.06824692019510356
IBEIS_PZ_0858,0.2967970569762139,0.0,0.0,0.0,0.0,0.0,0.0,0.0,0.0
IBEIS_PZ_0859,0.0,0.0,0.0,0.0,0.0,0.0,0.0,0.0,0.0
IBEIS_PZ_0860,-0.03158258324480759,-0.026088971434820783,-0.02600699194065537,-0.0478229861764179,-0.027897737270692825,-0.04019731608070701,-0.04602481519859183,-0.03681763020184972,-0.06824692019510356
IBEIS_PZ_0862,0.11717801175966884,0.08430682135852322,0.08996085630173282,0.09550245195924276,0.0,0.0,0.0,0.0,0.0
IBEIS_PZ_0863,0.19393190293527474,0.18638567736719505,0.1514630311449539,0.15529030093935428,0.16085948392244984,0.14858745863992728,0.15098310148978608,0.07681150787798656,0.0
IBEIS_PZ_0864,0.0,0.0,0.0,0.0,0.0,0.0,0.0,0.0,0.0
IBEIS_PZ_0865,0.2013497997872913,0.2398991115853656,0.2482369057786438,0.29635010114181176,0.35647507428328123,0.3716910671394574,0.36088071936708765,0.30375360377840055,0.2543629356483219
IBEIS_PZ_0867,-0.5203665524195025,-0.46899530642270637,-0.36164981125988443,-0.3939215070613815,-0.3488880365972396,0.0,0.0,0.0,0.0
IBEIS_PZ_0869,0.0,0.0,0.0,0.0,0.0,0.0,0.0,0.0,0.0
IBEIS_PZ_0870,0.3229125059260515,0.3547189933602177,0.24819123360295403,0.0,0.0,0.0,0.0,0.0,0.0
IBEIS_PZ_0871,0.0,0.0,0.0,0.0,0.0,0.0,0.0,0.0,0.0
IBEIS_PZ_0872,0.2013497997872913,0.2398991115853656,0.2482369057786438,0.29635010114181176,0.35647507428328123,0.3716910671394574,0.36088071936708765,0.30375360377840055,0.2543629356483219
IBEIS_PZ_0873,0.0,0.0,0.0,0.0,0.0,0.0,0.0,0.0,0.0
IBEIS_PZ_0874,0.0,0.0,0.0,0.0,0.0,0.0,0.0,0.0,0.0
IBEIS_PZ_0875,0.04918712754616656,0.04962305398029337,0.01840294014668005,-0.014207874602129038,0.002368216586681992,-0.47057474524096093,-0.5478861697266156,-0.5830097076305076,-0.3832608759716064
IBEIS_PZ_0876,0.0,0.0,0.0,0.0,0.0,0.0,0.0,0.0,0.0
IBEIS_PZ_0877,0.0,0.0,0.0,0.0,0.0,0.0,0.0,0.0,0.0
IBEIS_PZ_0878,0.0,0.0,0.0,0.0,0.0,0.0,0.0,0.0,0.0
IBEIS_PZ_0881,0.3229125059260515,0.3547189933602177,0.24819123360295403,0.0,0.0,0.0,0.0,0.0,0.0
IBEIS_PZ_0882,0.0,0.0,0.0,0.0,0.0,0.0,0.0,0.0,0.0
IBEIS_PZ_0883,0.06507224025201024,0.04115394893367741,0.054736111044407634,0.06998477978257468,0.0,0.0,0.0,0.0,0.0
IBEIS_PZ_0884,0.0,0.0,0.0,0.0,0.0,0.0,0.0,0.0,0.0
IBEIS_PZ_0885,0.0,0.0,0.0,0.0,0.0,0.0,0.0,0.0,0.0
IBEIS_PZ_0886,0.32750465897847075,0.3401479684304437,0.36649785045511574,0.36702977051776886,0.0,0.0,0.0,0.0,0.0
IBEIS_PZ_0888,0.0,0.0,0.0,0.0,0.0,0.0,0.0,0.0,0.0
IBEIS_PZ_0889,0.0,0.0,0.0,0.0,0.0,0.0,0.0,0.0,0.0
IBEIS_PZ_0890,0.0,0.0,0.0,0.0,0.0,0.0,0.0,0.0,0.0
IBEIS_PZ_0891,0.0,0.0,0.0,0.0,0.0,0.0,0.0,0.0,0.0
IBEIS_PZ_0893,0.0,0.0,0.0,0.0,0.0,0.0,0.0,0.0,0.0
IBEIS_PZ_0894,-0.5196551408566131,-0.5489443052321945,-0.5825021126157028,-0.5782913207266925,-0.5801955657347413,-0.5729995709796478,-0.5611982390013591,0.0,0.0
IBEIS_PZ_0895,0.0,0.0,0.0,0.0,0.0,0.0,0.0,0.0,0.0
IBEIS_PZ_0896,-0.4595389622488153,-0.4627989889246612,-0.4665290022766373,-0.3785888332173025,-0.3629294680804843,-0.39553381608427096,0.0,0.0,0.0
IBEIS_PZ_0897,0.47051722067979673,0.4762424587365728,0.14439796573713898,0.13839207171802975,0.0,0.0,0.0,0.0,0.0
IBEIS_PZ_0898,0.0,0.0,0.0,0.0,0.0,0.0,0.0,0.0,0.0
IBEIS_PZ_0899,0.0,0.0,0.0,0.0,0.0,0.0,0.0,0.0,0.0
IBEIS_PZ_0900,0.0,0.0,0.0,0.0,0.0,0.0,0.0,0.0,0.0
IBEIS_PZ_0901,0.23476290102367564,0.22026341786630402,0.2063540591459792,0.20187692089836495,0.151211874592374,0.0,0.0,0.0,0.0
IBEIS_PZ_0902,0.15521063929354287,0.15995585957135744,0.18538528525551512,0.16397961047927315,0.0,0.0,0.0,0.0,0.0
IBEIS_PZ_0904,0.36300438760042736,0.3425177509576988,0.2251728430163213,0.2973577321686562,0.25500749569437886,0.21542819966284849,0.1473349384201327,0.12488803859185181,0.0
IBEIS_PZ_0905,0.0,0.0,0.0,0.0,0.0,0.0,0.0,0.0,0.0
IBEIS_PZ_0906,0.0,0.0,0.0,0.0,0.0,0.0,0.0,0.0,0.0
IBEIS_PZ_0908,-0.18930668770713438,0.0,0.0,0.0,0.0,0.0,0.0,0.0,0.0
IBEIS_PZ_0909,0.0,0.0,0.0,0.0,0.0,0.0,0.0,0.0,0.0
IBEIS_PZ_0910,-0.23264196098484868,-0.242777916029686,-0.2798326242995966,0.0,0.0,0.0,0.0,0.0,0.0
IBEIS_PZ_0912,0.0,0.0,0.0,0.0,0.0,0.0,0.0,0.0,0.0
IBEIS_PZ_0916,0.0,0.0,0.0,0.0,0.0,0.0,0.0,0.0,0.0
IBEIS_PZ_0917,0.0,0.0,0.0,0.0,0.0,0.0,0.0,0.0,0.0
IBEIS_PZ_0920,0.0,0.0,0.0,0.0,0.0,0.0,0.0,0.0,0.0
IBEIS_PZ_0922,-0.5196551408566131,-0.5489443052321945,-0.5825021126157028,-0.5782913207266925,-0.5801955657347413,-0.5729995709796478,-0.5611982390013591,0.0,0.0
IBEIS_PZ_0923,-0.3119341527202529,-0.3123644847484468,0.0,0.0,0.0,0.0,0.0,0.0,0.0
IBEIS_PZ_0926,0.0,0.0,0.0,0.0,0.0,0.0,0.0,0.0,0.0
IBEIS_PZ_0927,0.0,0.0,0.0,0.0,0.0,0.0,0.0,0.0,0.0
IBEIS_PZ_0928,0.0,0.0,0.0,0.0,0.0,0.0,0.0,0.0,0.0
IBEIS_PZ_0930,0.0,0.0,0.0,0.0,0.0,0.0,0.0,0.0,0.0
IBEIS_PZ_0931,0.31558014190197403,0.31869567350503963,0.33294984171719316,0.0,0.0,0.0,0.0,0.0,0.0
IBEIS_PZ_0934,0.0,0.0,0.0,0.0,0.0,0.0,0.0,0.0,0.0
IBEIS_PZ_0937,0.3958873558220135,0.42145707412713573,0.31419200518897206,0.36237132063636945,0.3793885999198147,0.35218935340704216,0.31978846954051193,0.2048819061111798,0.0
IBEIS_PZ_0939,0.0,0.0,0.0,0.0,0.0,0.0,0.0,0.0,0.0
IBEIS_PZ_0944,-0.2115008656897954,-0.23342445543274418,-0.19842037540531723,-0.17097546086738946,-0.18786039480843938,-0.23842704859074879,-0.24409407182497952,-0.26867816368234343,0.0
IBEIS_PZ_0946,0.0,0.0,0.0,0.0,0.0,0.0,0.0,0.0,0.0
IBEIS_PZ_0949,0.0,0.0,0.0,0.0,0.0,0.0,0.0,0.0,0.0
IBEIS_PZ_0955,0.0,0.0,0.0,0.0,0.0,0.0,0.0,0.0,0.0
IBEIS_PZ_0956,0.0,0.0,0.0,0.0,0.0,0.0,0.0,0.0,0.0
IBEIS_PZ_0961,0.0,0.0,0.0,0.0,0.0,0.0,0.0,0.0,0.0
IBEIS_PZ_0962,0.0,0.0,0.0,0.0,0.0,0.0,0.0,0.0,0.0
IBEIS_PZ_0967,0.0,0.0,0.0,0.0,0.0,0.0,0.0,0.0,0.0
IBEIS_PZ_0969,-0.4242446190561557,-0.38893577207757435,-0.3649132705640502,-0.382108934029234,-0.26582615429928025,-0.22976467813959833,0.0,0.0,0.0
IBEIS_PZ_0970,0.0,0.0,0.0,0.0,0.0,0.0,0.0,0.0,0.0
IBEIS_PZ_0971,-0.4213117310374051,-0.39605145613955683,-0.33486213369272094,-0.3188604274150528,-0.30070323371483454,-0.28862278090785537,-0.2996828027295171,-0.35703299586979936,-0.4106600598747374
IBEIS_PZ_0974,0.0,0.0,0.0,0.0,0.0,0.0,0.0,0.0,0.0
IBEIS_PZ_0983,-0.15814556218049056,-0.12548172565584786,-0.13029392040479618,0.0,0.0,0.0,0.0,0.0,0.0
IBEIS_PZ_0989,0.0,0.0,0.0,0.0,0.0,0.0,0.0,0.0,0.0
IBEIS_PZ_0991,0.0,0.0,0.0,0.0,0.0,0.0,0.0,0.0,0.0
IBEIS_PZ_0996,0.0,0.0,0.0,0.0,0.0,0.0,0.0,0.0,0.0
IBEIS_PZ_1005,0.3041478494061965,0.2730556749444938,0.2501570085457954,0.245295168704608,0.27462030611927796,0.29108632603195206,0.255352718290529,0.32084894082127546,0.0
IBEIS_PZ_1006,0.0,0.0,0.0,0.0,0.0,0.0,0.0,0.0,0.0
IBEIS_PZ_1010,0.0,0.0,0.0,0.0,0.0,0.0,0.0,0.0,0.0
IBEIS_PZ_1013,0.0,0.0,0.0,0.0,0.0,0.0,0.0,0.0,0.0
IBEIS_PZ_1019,0.0,0.0,0.0,0.0,0.0,0.0,0.0,0.0,0.0
IBEIS_PZ_1026,0.5805642752419871,0.5997247694422375,0.6088026811321758,0.5040019297278195,0.5550870247116368,0.0,0.0,0.0,0.0
IBEIS_PZ_1028,0.0,0.0,0.0,0.0,0.0,0.0,0.0,0.0,0.0
IBEIS_PZ_1033,0.0,0.0,0.0,0.0,0.0,0.0,0.0,0.0,0.0
IBEIS_PZ_1072,0.0,0.0,0.0,0.0,0.0,0.0,0.0,0.0,0.0
IBEIS_PZ_1083,0.0,0.0,0.0,0.0,0.0,0.0,0.0,0.0,0.0
IBEIS_PZ_1084,0.0,0.0,0.0,0.0,0.0,0.0,0.0,0.0,0.0
IBEIS_PZ_1085,0.0,0.0,0.0,0.0,0.0,0.0,0.0,0.0,0.0
IBEIS_PZ_1086,0.0,0.0,0.0,0.0,0.0,0.0,0.0,0.0,0.0
IBEIS_PZ_1087,0.0,0.0,0.0,0.0,0.0,0.0,0.0,0.0,0.0
IBEIS_PZ_1089,0.0,0.0,0.0,0.0,0.0,0.0,0.0,0.0,0.0
IBEIS_PZ_1090,0.0,0.0,0.0,0.0,0.0,0.0,0.0,0.0,0.0
IBEIS_PZ_1091,0.09258126094000309,0.07969821664096505,0.0724240605704247,0.07958254159315294,0.07094194652142832,0.07470236170090394,0.1390952427004076,0.0,0.0
IBEIS_PZ_1092,-0.13873383560923092,-0.14493754355973792,-0.16307870250886683,-0.15336675638689373,-0.17284868266700032,-0.19960772120893439,-0.07337772291072045,0.0,0.0
IBEIS_PZ_1093,0.09258126094000309,0.07969821664096505,0.0724240605704247,0.07958254159315294,0.07094194652142832,0.07470236170090394,0.1390952427004076,0.0,0.0
IBEIS_PZ_1094,0.0,0.0,0.0,0.0,0.0,0.0,0.0,0.0,0.0
IBEIS_PZ_1098,0.0,0.0,0.0,0.0,0.0,0.0,0.0,0.0,0.0
IBEIS_PZ_1099,0.0,0.0,0.0,0.0,0.0,0.0,0.0,0.0,0.0
IBEIS_PZ_1101,0.0,0.0,0.0,0.0,0.0,0.0,0.0,0.0,0.0
IBEIS_PZ_1102,0.02200249793098095,0.021328564644895482,0.026360478222840523,0.03206308441204751,0.0,0.0,0.0,0.0,0.0
IBEIS_PZ_1103,0.09905008117859772,0.0904988090514449,0.06189949662993809,0.08503505449877591,0.11798158804349704,0.1168097257889474,0.12870689767867885,0.1870288578682356,0.0
IBEIS_PZ_1104,0.0,0.0,0.0,0.0,0.0,0.0,0.0,0.0,0.0
IBEIS_PZ_1105,0.0,0.0,0.0,0.0,0.0,0.0,0.0,0.0,0.0
IBEIS_PZ_1108,0.0,0.0,0.0,0.0,0.0,0.0,0.0,0.0,0.0
IBEIS_PZ_1109,0.0,0.0,0.0,0.0,0.0,0.0,0.0,0.0,0.0
IBEIS_PZ_1111,-0.10241574373243574,-0.10664125050486803,-0.11327354734756369,-0.15699255386604608,-0.1323130864020057,-0.12359325876155436,-0.06792660001736542,0.0,0.0
IBEIS_PZ_1113,0.02200249793098095,0.021328564644895482,0.026360478222840523,0.03206308441204751,0.0,0.0,0.0,0.0,0.0
IBEIS_PZ_1122,0.0,0.0,0.0,0.0,0.0,0.0,0.0,0.0,0.0
IBEIS_PZ_1125,-0.57252435228773,-0.587285960129651,0.0,0.0,0.0,0.0,0.0,0.0,0.0
IBEIS_PZ_1128,0.0,0.0,0.0,0.0,0.0,0.0,0.0,0.0,0.0
IBEIS_PZ_1138,0.0,0.0,0.0,0.0,0.0,0.0,0.0,0.0,0.0
IBEIS_PZ_1150,0.0,0.0,0.0,0.0,0.0,0.0,0.0,0.0,0.0
IBEIS_PZ_1160,0.15390364522901073,0.12795527292976178,0.14888943701060706,0.16468769358064883,0.1506374727665753,0.14799813395610376,0.0,0.0,0.0
IBEIS_PZ_1177,0.0,0.0,0.0,0.0,0.0,0.0,0.0,0.0,0.0
IBEIS_PZ_1183,-0.13016930914860844,-0.099138217561681,-0.07479493305882529,0.0,0.0,0.0,0.0,0.0,0.0
IBEIS_PZ_1207,0.0,0.0,0.0,0.0,0.0,0.0,0.0,0.0,0.0
IBEIS_PZ_1208,-0.04979710074680559,-0.03994141076696815,0.0,0.0,0.0,0.0,0.0,0.0,0.0
IBEIS_PZ_1212,0.0,0.0,0.0,0.0,0.0,0.0,0.0,0.0,0.0
IBEIS_PZ_1215,0.0,0.0,0.0,0.0,0.0,0.0,0.0,0.0,0.0
IBEIS_PZ_1216,0.13473347407495584,0.08177236948040696,0.08674279162103884,0.10176673152011032,0.06825098884954126,0.09519534771739162,0.1029159354470042,0.120631692806473,0.21263374348914188
IBEIS_PZ_1219,0.0,0.0,0.0,0.0,0.0,0.0,0.0,0.0,0.0
IBEIS_PZ_1220,0.0,0.0,0.0,0.0,0.0,0.0,0.0,0.0,0.0
IBEIS_PZ_1221,0.0,0.0,0.0,0.0,0.0,0.0,0.0,0.0,0.0
IBEIS_PZ_1222,-0.0034563161640030838,-0.2747896025986222,-0.28722026890027996,-0.3590178189748479,-0.43436375892551043,-0.4575290846644486,-0.3263194275634259,-0.3628459053886985,-0.2512756007123703
IBEIS_PZ_1223,0.0,0.0,0.0,0.0,0.0,0.0,0.0,0.0,0.0
IBEIS_PZ_1225,0.0,0.0,0.0,0.0,0.0,0.0,0.0,0.0,0.0
IBEIS_PZ_1226,0.32921221531466255,0.0,0.0,0.0,0.0,0.0,0.0,0.0,0.0
IBEIS_PZ_1227,-0.6107088605141889,0.08767561088089376,0.0,0.0,0.0,0.0,0.0,0.0,0.0
IBEIS_PZ_1228,0.0,0.0,0.0,0.0,0.0,0.0,0.0,0.0,0.0
IBEIS_PZ_1229,0.0,0.0,0.0,0.0,0.0,0.0,0.0,0.0,0.0
IBEIS_PZ_1234,0.0,0.0,0.0,0.0,0.0,0.0,0.0,0.0,0.0
IBEIS_PZ_1235,0.14567129625404063,0.1510403556949512,0.14861153007365555,0.10060007142124751,0.0,0.0,0.0,0.0,0.0
IBEIS_PZ_1238,0.10229977524732808,0.08699431841038045,0.09728003704598512,0.11907895730432716,0.10630270526974483,0.1007542763799462,0.1589931270344713,0.0,0.0
IBEIS_PZ_1239,0.1505474821501163,0.16912365589183254,0.15646477694396682,0.18543926922408055,0.21271120299048268,0.23118032748060832,0.25086257833534426,0.0,0.0
IBEIS_PZ_1240,-0.208820296110368,-0.22124028255118564,-0.2770428208625014,-0.2753574946520433,-0.21589462990139147,-0.22099674134747788,-0.3436739729158597,-0.3878344297730059,-0.11980117350663942
IBEIS_PZ_1241,0.0,0.0,0.0,0.0,0.0,0.0,0.0,0.0,0.0
IBEIS_PZ_1242,0.32937517007086253,0.30287809072004335,0.3250349929760979,0.3376470524081538,0.3737408973005713,0.27793431949004066,0.2690498470423156,0.23159679293399799,0.23483268090353598
IBEIS_PZ_1243,-0.5257897743713457,-0.5306620558369284,-0.5877514180835863,-0.4489607245566087,-0.47692165046219415,-0.4598794893635284,-0.3424400354589093,0.0,0.0
IBEIS_PZ_1245,0.1834104497187535,0.21686689967938758,0.23097539348343268,0.2028287019371876,0.15127492535511672,0.1774751499583283,0.2450797334832884,0.0,0.0
IBEIS_PZ_1248,0.0,0.0,0.0,0.0,0.0,0.0,0.0,0.0,0.0
IBEIS_PZ_1250,0.0,0.0,0.0,0.0,0.0,0.0,0.0,0.0,0.0
IBEIS_PZ_1252,0.0,0.0,0.0,0.0,0.0,0.0,0.0,0.0,0.0
IBEIS_PZ_1253,0.0,0.0,0.0,0.0,0.0,0.0,0.0,0.0,0.0
IBEIS_PZ_1254,-0.30786836800453987,-0.30576514181532083,-0.34206007713960174,0.0,0.0,0.0,0.0,0.0,0.0
IBEIS_PZ_1255,0.0,0.0,0.0,0.0,0.0,0.0,0.0,0.0,0.0
IBEIS_PZ_1259,0.0,0.0,0.0,0.0,0.0,0.0,0.0,0.0,0.0
IBEIS_PZ_1260,0.0,0.0,0.0,0.0,0.0,0.0,0.0,0.0,0.0
IBEIS_PZ_1261,0.0,0.0,0.0,0.0,0.0,0.0,0.0,0.0,0.0
IBEIS_PZ_1262,0.0,0.0,0.0,0.0,0.0,0.0,0.0,0.0,0.0
IBEIS_PZ_1266,0.0,0.0,0.0,0.0,0.0,0.0,0.0,0.0,0.0
IBEIS_PZ_1267,0.16247563998786285,0.08767561088089376,0.0,0.0,0.0,0.0,0.0,0.0,0.0
IBEIS_PZ_1268,0.0,0.0,0.0,0.0,0.0,0.0,0.0,0.0,0.0
IBEIS_PZ_1269,0.0,0.0,0.0,0.0,0.0,0.0,0.0,0.0,0.0
IBEIS_PZ_1273,0.0,0.0,0.0,0.0,0.0,0.0,0.0,0.0,0.0
IBEIS_PZ_1274,0.0,0.0,0.0,0.0,0.0,0.0,0.0,0.0,0.0
IBEIS_PZ_1275,0.19209871340309317,0.11438851785619233,0.13298396644137755,0.12154628497152917,0.0982522525466132,0.13845017780638952,0.090856141276607,0.05890437018187664,0.0
IBEIS_PZ_1276,0.0,0.0,0.0,0.0,0.0,0.0,0.0,0.0,0.0
IBEIS_PZ_1277,-0.17908541343701,0.0,0.0,0.0,0.0,0.0,0.0,0.0,0.0
IBEIS_PZ_1278,0.0,0.0,0.0,0.0,0.0,0.0,0.0,0.0,0.0
IBEIS_PZ_1279,0.0,0.0,0.0,0.0,0.0,0.0,0.0,0.0,0.0
IBEIS_PZ_1280,-0.22315046205740477,-0.18152724562468506,0.0,0.0,0.0,0.0,0.0,0.0,0.0
IBEIS_PZ_1281,0.0,0.0,0.0,0.0,0.0,0.0,0.0,0.0,0.0
IBEIS_PZ_1282,0.13473347407495584,0.08177236948040696,0.08674279162103884,0.10176673152011032,0.06825098884954126,0.09519534771739162,0.1029159354470042,0.120631692806473,0.21263374348914188
IBEIS_PZ_1283,0.0,0.0,0.0,0.0,0.0,0.0,0.0,0.0,0.0
IBEIS_PZ_1284,0.0,0.0,0.0,0.0,0.0,0.0,0.0,0.0,0.0
IBEIS_PZ_1285,0.5158537395683003,0.49393082887615997,0.0,0.0,0.0,0.0,0.0,0.0,0.0
IBEIS_PZ_1287,0.3380024357447357,0.3387219536912473,0.29170163734490606,0.3278596355888012,0.2968410371115402,0.27679878863821594,0.2331691794821408,0.15141858629041102,0.0
IBEIS_PZ_1288,0.0,0.0,0.0,0.0,0.0,0.0,0.0,0.0,0.0
IBEIS_PZ_1290,0.0,0.0,0.0,0.0,0.0,0.0,0.0,0.0,0.0
IBEIS_PZ_1291,0.0,0.0,0.0,0.0,0.0,0.0,0.0,0.0,0.0
IBEIS_PZ_1293,0.14351378505931758,0.12483717535952704,0.13732606001215514,0.12240981188940357,0.09730021685254675,0.10221338527374726,0.13703782750750332,0.0,0.0
IBEIS_PZ_1294,0.2852935933175015,0.0,0.0,0.0,0.0,0.0,0.0,0.0,0.0
IBEIS_PZ_1300,0.39490118517142686,0.39247591889588973,0.39843435046715103,0.4441975572026324,0.3609625014093435,0.3357525673284849,0.45353823508854596,0.0,0.0
IBEIS_PZ_1301,-0.10241574373243574,-0.10664125050486803,-0.11327354734756369,-0.15699255386604608,-0.1323130864020057,-0.12359325876155436,-0.06792660001736542,0.0,0.0
IBEIS_PZ_1305,0.0,0.0,0.0,0.0,0.0,0.0,0.0,0.0,0.0
IBEIS_PZ_1319,0.0,0.0,0.0,0.0,0.0,0.0,0.0,0.0,0.0
IBEIS_PZ_1325,0.0,0.0,0.0,0.0,0.0,0.0,0.0,0.0,0.0
IBEIS_PZ_1347,-0.38276646375374784,-0.4024583754801807,0.0,0.0,0.0,0.0,0.0,0.0,0.0
IBEIS_PZ_1350,0.0,0.0,0.0,0.0,0.0,0.0,0.0,0.0,0.0
IBEIS_PZ_1351,-0.34312665004678433,-0.34969547864540595,-0.3028631062534228,0.0,0.0,0.0,0.0,0.0,0.0
IBEIS_PZ_1355,0.1834104497187535,0.21686689967938758,0.23097539348343268,0.2028287019371876,0.15127492535511672,0.1774751499583283,0.2450797334832884,0.0,0.0
IBEIS_PZ_1356,0.0,0.0,0.0,0.0,0.0,0.0,0.0,0.0,0.0
IBEIS_PZ_1359,0.0,0.0,0.0,0.0,0.0,0.0,0.0,0.0,0.0
IBEIS_PZ_1360,0.0,0.0,0.0,0.0,0.0,0.0,0.0,0.0,0.0
IBEIS_PZ_1365,0.0,0.0,0.0,0.0,0.0,0.0,0.0,0.0,0.0
IBEIS_PZ_1366,0.0,0.0,0.0,0.0,0.0,0.0,0.0,0.0,0.0
IBEIS_PZ_1367,0.0,0.0,0.0,0.0,0.0,0.0,0.0,0.0,0.0
IBEIS_PZ_1370,0.334181517742562,0.2875508834042864,0.0,0.0,0.0,0.0,0.0,0.0,0.0
IBEIS_PZ_1372,0.0,0.0,0.0,0.0,0.0,0.0,0.0,0.0,0.0
IBEIS_PZ_1375,0.03525390734011286,0.03490554492930174,0.04180073218070836,0.04180507145387548,0.05393159192190494,0.057703025483778744,0.05724517975971093,0.04640813351234101,0.0
IBEIS_PZ_1376,0.30740376913292855,0.30987701404302753,0.33906701012956686,0.3669169282931098,0.41853051143957887,0.3592506662909623,0.23926812113907625,0.0,0.0
IBEIS_PZ_1378,0.2887249886172888,0.26050336137245694,0.28577869855133553,0.2509109776477141,0.16820629624845806,0.0,0.0,0.0,0.0
IBEIS_PZ_1382,0.2887249886172888,0.26050336137245694,0.28577869855133553,0.2509109776477141,0.16820629624845806,0.0,0.0,0.0,0.0
IBEIS_PZ_1383,0.0,0.0,0.0,0.0,0.0,0.0,0.0,0.0,0.0
IBEIS_PZ_1384,0.24698177560878348,0.2116891228307267,0.16126776087052994,0.1655285998411782,0.20912766127135687,0.23405244787357687,0.2256688255610087,0.0,0.0
IBEIS_PZ_1385,0.2793284567283675,0.2919769863852555,0.26364153423896897,0.12787176171823864,0.0,0.0,0.0,0.0,0.0
IBEIS_PZ_1386,-0.474869114296268,-0.47720035799164945,-0.568522662256853,-0.48563991934370104,-0.44735216045066983,-0.43504836205666203,-0.43304437031361065,-0.37354030108152725,-0.20486079753634742
IBEIS_PZ_1388,0.58367467124245,0.6058479732466746,0.5964094201212229,0.5666201776761752,0.48753553555541024,0.4243658543949561,0.5072346441149262,0.42069536112173694,0.0
IBEIS_PZ_1389,0.0,0.0,0.0,0.0,0.0,0.0,0.0,0.0,0.0
IBEIS_PZ_1390,0.0,0.0,0.0,0.0,0.0,0.0,0.0,0.0,0.0
IBEIS_PZ_1391,0.0,0.0,0.0,0.0,0.0,0.0,0.0,0.0,0.0
IBEIS_PZ_1392,0.0,0.0,0.0,0.0,0.0,0.0,0.0,0.0,0.0
IBEIS_PZ_1393,0.0,0.0,0.0,0.0,0.0,0.0,0.0,0.0,0.0
IBEIS_PZ_1395,-0.043018206838296734,-0.02800645421216538,-0.022375217527507714,-0.06399072350862085,-0.05237868856435632,-0.035708030729831204,-0.026204198124053214,-0.03047714652348546,-0.06355231601691162
IBEIS_PZ_1396,0.0,0.0,0.0,0.0,0.0,0.0,0.0,0.0,0.0
IBEIS_PZ_1397,0.0,0.0,0.0,0.0,0.0,0.0,0.0,0.0,0.0
IBEIS_PZ_1398,0.0,0.0,0.0,0.0,0.0,0.0,0.0,0.0,0.0
IBEIS_PZ_1401,0.0,0.0,0.0,0.0,0.0,0.0,0.0,0.0,0.0
IBEIS_PZ_1402,-0.061484512209006525,-0.02655330397951278,-0.22106132328505787,-0.2725078331851606,-0.32463258104335374,-0.3625711692052664,-0.2706547226449982,0.0,0.0
IBEIS_PZ_1403,0.0,0.0,0.0,0.0,0.0,0.0,0.0,0.0,0.0
IBEIS_PZ_1408,0.0,0.0,0.0,0.0,0.0,0.0,0.0,0.0,0.0
IBEIS_PZ_1410,0.0,0.0,0.0,0.0,0.0,0.0,0.0,0.0,0.0
IBEIS_PZ_1412,0.0,0.0,0.0,0.0,0.0,0.0,0.0,0.0,0.0
IBEIS_PZ_1413,0.0,0.0,0.0,0.0,0.0,0.0,0.0,0.0,0.0
IBEIS_PZ_1414,-0.34942999372953315,-0.34763348956802187,-0.3268311265069114,-0.263922523767285,-0.27730932827569693,-0.2980517807455263,-0.3451518463592736,0.0,0.0
IBEIS_PZ_1415,0.09905008117859772,0.0904988090514449,0.06189949662993809,0.08503505449877591,0.11798158804349704,0.1168097257889474,0.12870689767867885,0.1870288578682356,0.0
IBEIS_PZ_1416,0.09905008117859772,0.0904988090514449,0.06189949662993809,0.08503505449877591,0.11798158804349704,0.1168097257889474,0.12870689767867885,0.1870288578682356,0.0
IBEIS_PZ_1424,0.307143800225599,0.28529581585814123,0.2418134573408555,0.25387970114822384,0.2565514391766924,0.23869171745136894,0.240785383881549,0.19321802706487556,0.0
IBEIS_PZ_1426,0.0,0.0,0.0,0.0,0.0,0.0,0.0,0.0,0.0
IBEIS_PZ_1428,0.0,0.0,0.0,0.0,0.0,0.0,0.0,0.0,0.0
IBEIS_PZ_1429,-0.48472114694243107,-0.4658099716712532,-0.5004641624893051,-0.46960688154307473,0.0,0.0,0.0,0.0,0.0
IBEIS_PZ_1435,0.09905008117859772,0.0904988090514449,0.06189949662993809,0.08503505449877591,0.11798158804349704,0.1168097257889474,0.12870689767867885,0.1870288578682356,0.0
IBEIS_PZ_1436,0.09905008117859772,0.0904988090514449,0.06189949662993809,0.08503505449877591,0.11798158804349704,0.1168097257889474,0.12870689767867885,0.1870288578682356,0.0
IBEIS_PZ_1440,0.333159191216871,0.3075665952983689,0.31816061581432425,0.0,0.0,0.0,0.0,0.0,0.0
IBEIS_PZ_1441,0.09905008117859772,0.0904988090514449,0.06189949662993809,0.08503505449877591,0.11798158804349704,0.1168097257889474,0.12870689767867885,0.1870288578682356,0.0
IBEIS_PZ_1442,0.3565735364498126,0.32899933136737586,0.30254916918010566,0.30880624391078487,0.29072765298719616,0.27466251023232935,0.2904032957462808,0.26668873018875505,0.0
IBEIS_PZ_1443,0.0,0.0,0.0,0.0,0.0,0.0,0.0,0.0,0.0
IBEIS_PZ_1447,0.0,0.0,0.0,0.0,0.0,0.0,0.0,0.0,0.0
IBEIS_PZ_1448,0.0,0.0,0.0,0.0,0.0,0.0,0.0,0.0,0.0
IBEIS_PZ_1449,0.0,0.0,0.0,0.0,0.0,0.0,0.0,0.0,0.0
IBEIS_PZ_1450,-0.2935956281288743,-0.3131629492691235,-0.3070956017751562,-0.295038226226549,0.0,0.0,0.0,0.0,0.0
IBEIS_PZ_1452,0.0,0.0,0.0,0.0,0.0,0.0,0.0,0.0,0.0
IBEIS_PZ_1460,0.0,0.0,0.0,0.0,0.0,0.0,0.0,0.0,0.0
IBEIS_PZ_1461,0.0,0.0,0.0,0.0,0.0,0.0,0.0,0.0,0.0
IBEIS_PZ_1462,0.0,0.0,0.0,0.0,0.0,0.0,0.0,0.0,0.0
IBEIS_PZ_1467,0.0,0.0,0.0,0.0,0.0,0.0,0.0,0.0,0.0
IBEIS_PZ_1468,-0.14934048515622836,-0.089862694639074,0.0,0.0,0.0,0.0,0.0,0.0,0.0
IBEIS_PZ_1470,0.0,0.0,0.0,0.0,0.0,0.0,0.0,0.0,0.0
IBEIS_PZ_1471,0.27402340567700045,0.33160860129949266,0.31033330390266994,0.2831684596864293,0.26330634139257825,0.0,0.0,0.0,0.0
IBEIS_PZ_1476,-0.14934048515622836,-0.089862694639074,0.0,0.0,0.0,0.0,0.0,0.0,0.0
IBEIS_PZ_1477,0.0,0.0,0.0,0.0,0.0,0.0,0.0,0.0,0.0
IBEIS_PZ_1479,0.0,0.0,0.0,0.0,0.0,0.0,0.0,0.0,0.0
IBEIS_PZ_1480,0.0,0.0,0.0,0.0,0.0,0.0,0.0,0.0,0.0
IBEIS_PZ_1481,0.0,0.0,0.0,0.0,0.0,0.0,0.0,0.0,0.0
IBEIS_PZ_1482,0.0,0.0,0.0,0.0,0.0,0.0,0.0,0.0,0.0
IBEIS_PZ_1483,0.0,0.0,0.0,0.0,0.0,0.0,0.0,0.0,0.0
IBEIS_PZ_1484,0.0,0.0,0.0,0.0,0.0,0.0,0.0,0.0,0.0
IBEIS_PZ_1485,0.0,0.0,0.0,0.0,0.0,0.0,0.0,0.0,0.0
IBEIS_PZ_1486,-0.556188905557023,-0.4989145102257647,-0.4963588259401381,-0.4035550563517218,-0.350869090359849,-0.3536421939191698,-0.3449059925853237,-0.35500451650043235,0.0
IBEIS_PZ_1488,-0.47321738868408425,-0.4545036496679941,-0.4887241416528365,-0.44484704564275807,-0.40627506766364185,-0.4042574618637693,0.0,0.0,0.0
IBEIS_PZ_1489,0.0,0.0,0.0,0.0,0.0,0.0,0.0,0.0,0.0
IBEIS_PZ_1490,0.0,0.0,0.0,0.0,0.0,0.0,0.0,0.0,0.0
IBEIS_PZ_1491,0.5499539145453477,0.543644337402375,0.5305052419361167,0.5241513990684432,0.4807599701258035,0.3966836631412961,0.31985938024707783,0.0,0.0
IBEIS_PZ_1492,0.0,0.0,0.0,0.0,0.0,0.0,0.0,0.0,0.0
IBEIS_PZ_1497,0.0,0.0,0.0,0.0,0.0,0.0,0.0,0.0,0.0
IBEIS_PZ_1512,0.0,0.0,0.0,0.0,0.0,0.0,0.0,0.0,0.0
IBEIS_PZ_1526,-0.7731845005020518,0.0,0.0,0.0,0.0,0.0,0.0,0.0,0.0
IBEIS_PZ_1531,0.0,0.0,0.0,0.0,0.0,0.0,0.0,0.0,0.0
IBEIS_PZ_1541,0.5556910169997714,0.5659150187839298,0.5139554480948458,0.48125612252828337,0.43026684589065084,0.39991237309718436,0.0,0.0,0.0
IBEIS_PZ_1542,0.0,0.0,0.0,0.0,0.0,0.0,0.0,0.0,0.0
IBEIS_PZ_1543,0.0,0.0,0.0,0.0,0.0,0.0,0.0,0.0,0.0
IBEIS_PZ_1547,-0.4381229648604785,-0.427080297128691,0.0,0.0,0.0,0.0,0.0,0.0,0.0
IBEIS_PZ_1553,0.13540071224720326,0.14366396377031657,0.17031598481351934,0.19136849997769523,0.0,0.0,0.0,0.0,0.0
IBEIS_PZ_1555,-0.2472141768411858,-0.20307979864957865,-0.2398174451871252,-0.1824121830859722,-0.09785292148777372,-0.08059818541535486,-0.05739479784187508,-0.034166877569659235,-0.039069095527774385
IBEIS_PZ_1556,0.0,0.0,0.0,0.0,0.0,0.0,0.0,0.0,0.0
IBEIS_PZ_1558,0.0,0.0,0.0,0.0,0.0,0.0,0.0,0.0,0.0
IBEIS_PZ_1559,-0.46369383481929904,-0.4508267731923556,-0.42339337391908083,-0.3945674938241303,-0.34363825064225556,-0.416680456452531,-0.4957807277814005,0.0,0.0
IBEIS_PZ_1560,0.0,0.0,0.0,0.0,0.0,0.0,0.0,0.0,0.0
IBEIS_PZ_1561,0.19947299341252336,0.22669157282560612,0.229553681486916,0.2915119514421927,0.3103515710289614,0.2605550293532992,0.0,0.0,0.0
IBEIS_PZ_1562,0.0,0.0,0.0,0.0,0.0,0.0,0.0,0.0,0.0
IBEIS_PZ_1564,0.0,0.0,0.0,0.0,0.0,0.0,0.0,0.0,0.0
IBEIS_PZ_1565,0.5805768266070163,0.5895028125894901,0.5374065429655541,0.5392613504028729,0.6081736433258403,0.5030565840393081,0.0,0.0,0.0
IBEIS_PZ_1566,0.0,0.0,0.0,0.0,0.0,0.0,0.0,0.0,0.0
IBEIS_PZ_1567,0.0,0.0,0.0,0.0,0.0,0.0,0.0,0.0,0.0
IBEIS_PZ_1568,0.0,0.0,0.0,0.0,0.0,0.0,0.0,0.0,0.0
IBEIS_PZ_1570,0.25729576852375224,0.24625108094076434,0.275576863777892,0.0,0.0,0.0,0.0,0.0,0.0
IBEIS_PZ_1571,0.0,0.0,0.0,0.0,0.0,0.0,0.0,0.0,0.0
IBEIS_PZ_1573,0.0,0.0,0.0,0.0,0.0,0.0,0.0,0.0,0.0
IBEIS_PZ_1574,0.0,0.0,0.0,0.0,0.0,0.0,0.0,0.0,0.0
IBEIS_PZ_1575,0.0,0.0,0.0,0.0,0.0,0.0,0.0,0.0,0.0
IBEIS_PZ_1576,0.0,0.0,0.0,0.0,0.0,0.0,0.0,0.0,0.0
IBEIS_PZ_1577,0.0,0.0,0.0,0.0,0.0,0.0,0.0,0.0,0.0
IBEIS_PZ_1578,0.0,0.0,0.0,0.0,0.0,0.0,0.0,0.0,0.0
IBEIS_PZ_1582,0.0,0.0,0.0,0.0,0.0,0.0,0.0,0.0,0.0
IBEIS_PZ_1583,0.0,0.0,0.0,0.0,0.0,0.0,0.0,0.0,0.0
IBEIS_PZ_1585,0.0,0.0,0.0,0.0,0.0,0.0,0.0,0.0,0.0
IBEIS_PZ_1586,0.0,0.0,0.0,0.0,0.0,0.0,0.0,0.0,0.0
IBEIS_PZ_1588,0.0,0.0,0.0,0.0,0.0,0.0,0.0,0.0,0.0
IBEIS_PZ_1590,0.0,0.0,0.0,0.0,0.0,0.0,0.0,0.0,0.0
IBEIS_PZ_1592,0.0,0.0,0.0,0.0,0.0,0.0,0.0,0.0,0.0
IBEIS_PZ_1593,0.0,0.0,0.0,0.0,0.0,0.0,0.0,0.0,0.0
IBEIS_PZ_1594,-0.5585300048524912,-0.2954392177776922,-0.4028783993087466,-0.4097498092032829,0.0,0.0,0.0,0.0,0.0
IBEIS_PZ_1595,0.0,0.0,0.0,0.0,0.0,0.0,0.0,0.0,0.0
IBEIS_PZ_1602,0.0,0.0,0.0,0.0,0.0,0.0,0.0,0.0,0.0
IBEIS_PZ_1603,0.0,0.0,0.0,0.0,0.0,0.0,0.0,0.0,0.0
IBEIS_PZ_1604,0.0,0.0,0.0,0.0,0.0,0.0,0.0,0.0,0.0
IBEIS_PZ_1611,0.0,0.0,0.0,0.0,0.0,0.0,0.0,0.0,0.0
IBEIS_PZ_1612,0.44989283217412956,0.42270447493501384,0.3648691266799861,0.4601253328596156,0.42505124974427905,0.4058836743073539,0.43401540441805464,0.41830763766416923,0.0
IBEIS_PZ_1614,0.0,0.0,0.0,0.0,0.0,0.0,0.0,0.0,0.0
IBEIS_PZ_1624,0.0,0.0,0.0,0.0,0.0,0.0,0.0,0.0,0.0
IBEIS_PZ_1627,0.0,0.0,0.0,0.0,0.0,0.0,0.0,0.0,0.0
IBEIS_PZ_1637,0.08413178387468363,0.06973794603561974,0.09758569468901053,0.10460879067072447,0.0,0.0,0.0,0.0,0.0
IBEIS_PZ_1638,-0.6818918392617999,-0.762838935745156,-0.6999749666630164,-0.7441678070735741,0.0,0.0,0.0,0.0,0.0
IBEIS_PZ_1639,0.0,0.0,0.0,0.0,0.0,0.0,0.0,0.0,0.0
IBEIS_PZ_1640,0.0,0.0,0.0,0.0,0.0,0.0,0.0,0.0,0.0
IBEIS_PZ_1641,0.0,0.0,0.0,0.0,0.0,0.0,0.0,0.0,0.0
IBEIS_PZ_1643,0.0,0.0,0.0,0.0,0.0,0.0,0.0,0.0,0.0
IBEIS_PZ_1648,-0.2947264968368093,-0.23141454228929792,-0.20443932126226386,0.10060007142124751,0.0,0.0,0.0,0.0,0.0
IBEIS_PZ_1658,0.0,0.0,0.0,0.0,0.0,0.0,0.0,0.0,0.0
IBEIS_PZ_1662,0.2285514270461251,0.18385215438467545,0.22399836268168333,0.2368876912092269,0.2802085102226065,0.24517528363746308,0.21908128163716822,0.18028037234984728,0.24977049526903125
IBEIS_PZ_1664,0.23546512304202094,0.2014366479792638,0.19662132513705768,0.0,0.0,0.0,0.0,0.0,0.0
IBEIS_PZ_1666,0.093833082796627,0.07539654083237543,0.07616627060717951,0.09298457553257478,0.07237051682222449,0.09439187591401996,0.14486260144928595,0.08968749390906458,0.17300365501797788
IBEIS_PZ_1668,0.056333968078694334,0.026311785240062634,0.0,0.0,0.0,0.0,0.0,0.0,0.0
IBEIS_PZ_1669,0.0,0.0,0.0,0.0,0.0,0.0,0.0,0.0,0.0
IBEIS_PZ_1673,0.0,0.0,0.0,0.0,0.0,0.0,0.0,0.0,0.0
IBEIS_PZ_1674,0.0,0.0,0.0,0.0,0.0,0.0,0.0,0.0,0.0
IBEIS_PZ_1685,-0.35335954095912947,-0.356988273022022,0.0,0.0,0.0,0.0,0.0,0.0,0.0
IBEIS_PZ_1689,0.0,0.0,0.0,0.0,0.0,0.0,0.0,0.0,0.0
IBEIS_PZ_1698,0.48966271328091254,0.3331047184490429,0.3267524248806946,0.44396634492210885,0.4112840053779182,0.19107957417572913,0.17615546050644695,0.13354979298859085,0.21144733419284667
IBEIS_PZ_1703,0.0,0.0,0.0,0.0,0.0,0.0,0.0,0.0,0.0
IBEIS_PZ_1706,0.0,0.0,0.0,0.0,0.0,0.0,0.0,0.0,0.0
IBEIS_PZ_1712,0.30401345273268365,0.3076466282104038,0.26691522923184635,0.24402702297799206,0.2617201199259111,0.0,0.0,0.0,0.0
IBEIS_PZ_1716,0.08413178387468363,0.06973794603561974,0.09758569468901053,0.10460879067072447,0.0,0.0,0.0,0.0,0.0
IBEIS_PZ_1717,0.0,0.0,0.0,0.0,0.0,0.0,0.0,0.0,0.0
IBEIS_PZ_1719,-0.11258006441554744,-0.10706265907778237,-0.11245602048231135,-0.11466098782622716,-0.11688438478261107,-0.14250611082687334,0.0,0.0,0.0
IBEIS_PZ_1722,0.0,0.0,0.0,0.0,0.0,0.0,0.0,0.0,0.0
IBEIS_PZ_1723,-0.22154781691095632,-0.21559949342894488,-0.25508008726446874,-0.2624885881360936,-0.23860829834845512,-0.15881667554405746,-0.10160403681278188,0.0,0.0
IBEIS_PZ_1725,0.0,0.0,0.0,0.0,0.0,0.0,0.0,0.0,0.0
IBEIS_PZ_1731,0.0,0.0,0.0,0.0,0.0,0.0,0.0,0.0,0.0
IBEIS_PZ_1741,0.0,0.0,0.0,0.0,0.0,0.0,0.0,0.0,0.0
IBEIS_PZ_1742,0.3483076461013376,0.3404763710331359,0.37261505796194516,0.358606130602397,0.36493129090741233,0.28505262722690966,0.17237672393481418,0.14796996473471696,0.0
IBEIS_PZ_1754,0.0,0.0,0.0,0.0,0.0,0.0,0.0,0.0,0.0
IBEIS_PZ_1756,0.0,0.0,0.0,0.0,0.0,0.0,0.0,0.0,0.0
IBEIS_PZ_1761,0.0,0.0,0.0,0.0,0.0,0.0,0.0,0.0,0.0
IBEIS_PZ_1780,0.3003454637544159,0.3168270631911424,0.0,0.0,0.0,0.0,0.0,0.0,0.0
IBEIS_PZ_1781,-0.2935956281288743,-0.3131629492691235,-0.3070956017751562,-0.295038226226549,0.0,0.0,0.0,0.0,0.0
IBEIS_PZ_1795,0.25287593476924236,0.2942430678260807,0.25828348633519566,0.24859508742258557,0.2559803633345248,0.2628639283170009,0.23105365142500406,0.204143814054607,0.3302254046718553
IBEIS_PZ_1796,-0.20592881778560557,-0.1853603740720665,-0.20060671466082602,-0.2615525109285488,-0.27424633996655806,0.0,0.0,0.0,0.0
IBEIS_PZ_1798,0.0,0.0,0.0,0.0,0.0,0.0,0.0,0.0,0.0
IBEIS_PZ_1811,0.30655369227857426,0.3040772961368799,0.31312384864344156,0.2893746456630093,0.29491747514494765,0.2739678436979507,0.28124554679445124,0.22351936619815224,0.0
IBEIS_PZ_1818,0.0,0.0,0.0,0.0,0.0,0.0,0.0,0.0,0.0
IBEIS_PZ_1821,-0.30033706551861594,-0.2634841685602352,-0.2368755039237069,-0.32165476859602316,-0.2707000504490931,-0.16047463482432456,-0.16115209973449285,-0.07024180727294414,-0.07527956742159625
IBEIS_PZ_1823,0.0,0.0,0.0,0.0,0.0,0.0,0.0,0.0,0.0
IBEIS_PZ_1824,0.0,0.0,0.0,0.0,0.0,0.0,0.0,0.0,0.0
IBEIS_PZ_1825,0.32432007528365786,0.0,0.0,0.0,0.0,0.0,0.0,0.0,0.0
IBEIS_PZ_1827,0.0,0.0,0.0,0.0,0.0,0.0,0.0,0.0,0.0
IBEIS_PZ_1830,0.0,0.0,0.0,0.0,0.0,0.0,0.0,0.0,0.0
IBEIS_PZ_1832,0.0,0.0,0.0,0.0,0.0,0.0,0.0,0.0,0.0
IBEIS_PZ_1833,-0.24749590131167729,-0.2749257947976223,-0.23778404458375232,-0.18429370231286107,-0.18009338150780935,0.0,0.0,0.0,0.0
IBEIS_PZ_1836,-0.24749590131167729,-0.2749257947976223,-0.23778404458375232,-0.18429370231286107,-0.18009338150780935,0.0,0.0,0.0,0.0
IBEIS_PZ_1841,0.0,0.0,0.0,0.0,0.0,0.0,0.0,0.0,0.0
IBEIS_PZ_1844,0.0,0.0,0.0,0.0,0.0,0.0,0.0,0.0,0.0
IBEIS_PZ_1845,0.0,0.0,0.0,0.0,0.0,0.0,0.0,0.0,0.0
IBEIS_PZ_1846,0.0,0.0,0.0,0.0,0.0,0.0,0.0,0.0,0.0
IBEIS_PZ_1847,0.0,0.0,0.0,0.0,0.0,0.0,0.0,0.0,0.0
IBEIS_PZ_1849,0.0,0.0,0.0,0.0,0.0,0.0,0.0,0.0,0.0
IBEIS_PZ_1852,0.35650990418037465,0.2988403159510012,0.2911136479484612,0.0,0.0,0.0,0.0,0.0,0.0
IBEIS_PZ_1855,0.0,0.0,0.0,0.0,0.0,0.0,0.0,0.0,0.0
IBEIS_PZ_1856,0.0,0.0,0.0,0.0,0.0,0.0,0.0,0.0,0.0
IBEIS_PZ_1857,-0.08336416681195832,-0.08924291695058466,-0.09051610202278126,-0.08121003108928056,-0.1049250649854518,0.0,0.0,0.0,0.0
IBEIS_PZ_1858,0.0,0.0,0.0,0.0,0.0,0.0,0.0,0.0,0.0
IBEIS_PZ_1864,0.0,0.0,0.0,0.0,0.0,0.0,0.0,0.0,0.0
IBEIS_PZ_1865,0.0,0.0,0.0,0.0,0.0,0.0,0.0,0.0,0.0
IBEIS_PZ_1866,0.31179586958615146,0.3191671115428592,0.3526306802401991,0.35761473214897344,0.0,0.0,0.0,0.0,0.0
IBEIS_PZ_1875,0.0,0.0,0.0,0.0,0.0,0.0,0.0,0.0,0.0
IBEIS_PZ_1876,0.0,0.0,0.0,0.0,0.0,0.0,0.0,0.0,0.0
IBEIS_PZ_1877,0.0,0.0,0.0,0.0,0.0,0.0,0.0,0.0,0.0
IBEIS_PZ_1882,0.0,0.0,0.0,0.0,0.0,0.0,0.0,0.0,0.0
IBEIS_PZ_1892,0.16247563998786285,0.08767561088089376,0.0,0.0,0.0,0.0,0.0,0.0,0.0
IBEIS_PZ_1893,0.0,0.0,0.0,0.0,0.0,0.0,0.0,0.0,0.0
IBEIS_PZ_1895,0.0,0.0,0.0,0.0,0.0,0.0,0.0,0.0,0.0
IBEIS_PZ_1896,0.34932783032911985,0.3474282934169391,0.21144926497572528,0.2556684001407416,0.22571614650757033,0.27881944074718884,0.0,0.0,0.0
IBEIS_PZ_1905,0.02200249793098095,0.021328564644895482,0.026360478222840523,0.03206308441204751,0.0,0.0,0.0,0.0,0.0
IBEIS_PZ_1908,0.18276174397425157,0.26780385098916853,0.2933629610583835,0.3197942517579533,0.0,0.0,0.0,0.0,0.0
IBEIS_PZ_1909,0.14567129625404063,0.1510403556949512,0.14861153007365555,0.10060007142124751,0.0,0.0,0.0,0.0,0.0
Male,-0.07619904317818296,0.10993768946659324,0.05735420792768364,-0.047715987523488115,0.0796872757150041,0.10802455954909813,0.05264421810243987,0.010347210567944496,0.012949786876244807
NNP GZC Car '10WHITE' Person 'A',0.0,0.0,0.0,0.0,0.0,0.0,0.0,0.0,0.0
NNP GZC Car '11WHITE' Person 'A',0.0,0.0,0.0,0.0,0.0,0.0,0.0,0.0,0.0
NNP GZC Car '12WHITE' Person 'A',0.0,0.0,0.0,0.0,0.0,0.0,0.0,0.0,0.0
NNP GZC Car '13WHITE' Person 'A',0.0,0.0,0.0,0.0,0.0,0.0,0.0,0.0,0.0
NNP GZC Car '13WHITE' Person 'B',0.0,0.0,0.0,0.0,0.0,0.0,0.0,0.0,0.0
NNP GZC Car '14WHITE' Person 'A',0.0,0.0,0.0,0.0,0.0,0.0,0.0,0.0,0.0
NNP GZC Car '15WHITE' Person 'A',0.0,0.0,0.0,0.0,0.0,0.0,0.0,0.0,0.0
NNP GZC Car '15WHITE' Person 'C',0.0,0.0,0.0,0.0,0.0,0.0,0.0,0.0,0.0
NNP GZC Car '15WHITE' Person 'D',0.0,0.0,0.0,0.0,0.0,0.0,0.0,0.0,0.0
NNP GZC Car '17WHITE' Person 'A',0.0,0.0,0.0,0.0,0.0,0.0,0.0,0.0,0.0
NNP GZC Car '1BLUE' Person 'A',0.0,0.0,0.0,0.0,0.0,0.0,0.0,0.0,0.0
NNP GZC Car '1BLUE' Person 'B',0.0,0.0,0.0,0.0,0.0,0.0,0.0,0.0,0.0
NNP GZC Car '1PURPLE' Person 'A',0.0,0.0,0.0,0.0,0.0,0.0,0.0,0.0,0.0
NNP GZC Car '1PURPLE' Person 'B',0.0,0.0,0.0,0.0,0.0,0.0,0.0,0.0,0.0
NNP GZC Car '1PURPLE' Person 'D',0.0,0.0,0.0,0.0,0.0,0.0,0.0,0.0,0.0
NNP GZC Car '1RED' Person 'A',0.0,0.0,0.0,0.0,0.0,0.0,0.0,0.0,0.0
NNP GZC Car '1RED' Person 'B',0.0,0.0,0.0,0.0,0.0,0.0,0.0,0.0,0.0
NNP GZC Car '1WHITE' Person 'A',0.0,0.0,0.0,0.0,0.0,0.0,0.0,0.0,0.0
NNP GZC Car '1WHITE' Person 'B',0.0,0.0,0.0,0.0,0.0,0.0,0.0,0.0,0.0
NNP GZC Car '1WHITE' Person 'C',0.0,0.0,0.0,0.0,0.0,0.0,0.0,0.0,0.0
NNP GZC Car '2RED' Person 'A',0.0,0.0,0.0,0.0,0.0,0.0,0.0,0.0,0.0
NNP GZC Car '2RED' Person 'B',0.0,0.0,0.0,0.0,0.0,0.0,0.0,0.0,0.0
NNP GZC Car '2RED' Person 'C',0.0,0.0,0.0,0.0,0.0,0.0,0.0,0.0,0.0
NNP GZC Car '2RED' Person 'D',0.0,0.0,0.0,0.0,0.0,0.0,0.0,0.0,0.0
NNP GZC Car '2WHITE' Person 'A',0.0,0.0,0.0,0.0,0.0,0.0,0.0,0.0,0.0
NNP GZC Car '3PURPLE' Person 'B',0.0,0.0,0.0,0.0,0.0,0.0,0.0,0.0,0.0
NNP GZC Car '3RED' Person 'A',0.0,0.0,0.0,0.0,0.0,0.0,0.0,0.0,0.0
NNP GZC Car '3RED' Person 'B',0.0,0.0,0.0,0.0,0.0,0.0,0.0,0.0,0.0
NNP GZC Car '3WHITE' Person 'A',0.0,0.0,0.0,0.0,0.0,0.0,0.0,0.0,0.0
NNP GZC Car '4RED' Person 'A',0.0,0.0,0.0,0.0,0.0,0.0,0.0,0.0,0.0
NNP GZC Car '5WHITE' Person 'A',0.0,0.0,0.0,0.0,0.0,0.0,0.0,0.0,0.0
NNP GZC Car '6RED' Person 'B',0.0,0.0,0.0,0.0,0.0,0.0,0.0,0.0,0.0
NNP GZC Car '6WHITE' Person 'B',0.0,0.0,0.0,0.0,0.0,0.0,0.0,0.0,0.0
NNP GZC Car '7WHITE' Person 'B',0.0,0.0,0.0,0.0,0.0,0.0,0.0,0.0,0.0
NNP GZC Car '8WHITE' Person 'A',0.0,0.0,0.0,0.0,0.0,0.0,0.0,0.0,0.0
NNP GZC Car '9WHITE' Person 'A',0.0,0.0,0.0,0.0,0.0,0.0,0.0,0.0,0.0
NNP_GIRM_0002,0.0,0.0,0.0,0.0,0.0,0.0,0.0,0.0,0.0
NNP_GIRM_0003,0.11539770779380837,0.11033247402546059,0.07448980862272733,0.07298839094586815,0.08919666365352039,0.1053579265346405,0.10248094467550802,0.0,0.0
NNP_GIRM_0004,0.0,0.0,0.0,0.0,0.0,0.0,0.0,0.0,0.0
NNP_GIRM_0005,0.11539770779380837,0.11033247402546059,0.07448980862272733,0.07298839094586815,0.08919666365352039,0.1053579265346405,0.10248094467550802,0.0,0.0
NNP_GIRM_0006,0.0,0.0,0.0,0.0,0.0,0.0,0.0,0.0,0.0
NNP_GIRM_0007,0.3931660833538374,0.3768668571419534,0.385854314270696,0.2711747401189525,0.24792575501391495,0.13795026805787078,0.1186730308479792,0.0,0.0
NNP_GIRM_0010,0.0,0.0,0.0,0.0,0.0,0.0,0.0,0.0,0.0
NNP_GIRM_0013,0.0,0.0,0.0,0.0,0.0,0.0,0.0,0.0,0.0
NNP_GIRM_0015,0.0,0.0,0.0,0.0,0.0,0.0,0.0,0.0,0.0
NNP_GIRM_0016,0.0,0.0,0.0,0.0,0.0,0.0,0.0,0.0,0.0
NNP_GIRM_0018,0.0,0.0,0.0,0.0,0.0,0.0,0.0,0.0,0.0
NNP_GIRM_0019,0.3675852001093454,0.3606274435706117,0.32327616983427515,0.36937340108932964,0.4073798555878175,0.24842012288259382,0.0,0.0,0.0
NNP_GIRM_0022,0.0,0.0,0.0,0.0,0.0,0.0,0.0,0.0,0.0
NNP_GIRM_0024,0.0,0.0,0.0,0.0,0.0,0.0,0.0,0.0,0.0
NNP_GIRM_0025,0.0,0.0,0.0,0.0,0.0,0.0,0.0,0.0,0.0
NNP_GIRM_0026,-0.3996953335499786,-0.4274976183677696,-0.43650410969453024,-0.4371086934764755,-0.4296827115236664,-0.3764048707229049,-0.23022536524764284,-0.17413380384394336,-0.2337031176915656
NNP_GIRM_0027,-0.8227124325523993,-0.862300882147493,-0.8916437664573238,-0.9118433629143631,-0.9036696979269522,-0.8498357761504352,-0.8104942451808996,0.0,0.0
NNP_GIRM_0028,0.437489624464947,0.4593932757494137,0.36935829382364976,0.32958818412561347,0.2953244651720618,0.3306642127579475,0.2536748031398761,0.2505998964022087,0.0
NNP_GIRM_0031,0.054464283013850076,0.054564231100802406,0.042769907393462044,0.026454235004474646,0.0,0.0,0.0,0.0,0.0
NNP_GIRM_0035,-1.6597338426019697,-1.2829469239083198,-1.2191026033780805,-1.224419528674582,-1.0757537692210106,-0.6948915194970187,-0.5905252942282708,-0.45895952106062454,0.09840057629194035
NNP_GIRM_0036,-0.8185548001836382,-0.7802869845874225,-0.7369536749862589,-0.7906403164746743,-0.5365141548188936,-0.48003469747491734,-0.3017388069570043,-0.24656738214488788,0.0
NNP_GIRM_0037,0.0,0.0,0.0,0.0,0.0,0.0,0.0,0.0,0.0
NNP_GIRM_0038,0.040759966968638275,0.0517659319252569,0.05031930962975287,0.03956195605293142,0.044788844550406465,0.1164585428120646,0.12430771060150832,0.0,0.0
NNP_GIRM_0039,0.1037131650218966,0.12468766375623458,0.09626859902841851,0.07446702355355603,0.07347994114758291,0.12880455891731685,0.0,0.0,0.0
NNP_GIRM_0040,0.0,0.0,0.0,0.0,0.0,0.0,0.0,0.0,0.0
NNP_GIRM_0041,-0.3996953335499786,-0.4274976183677696,-0.43650410969453024,-0.4371086934764755,-0.4296827115236664,-0.3764048707229049,-0.23022536524764284,-0.17413380384394336,-0.2337031176915656
NNP_GIRM_0042,0.06962306187693068,0.07316312604942417,0.06128884292679611,0.04718166263429791,0.05513947852490863,0.1030441518921713,0.153211420176223,0.12781519948012188,0.10923675972418853
NNP_GIRM_0044,0.0,0.0,0.0,0.0,0.0,0.0,0.0,0.0,0.0
NNP_GIRM_0045,-0.6197028632001015,-0.6230925156348592,-0.6195438311625492,-0.7361983684974921,-0.668328566687249,-0.5470628153052315,-0.5361183944286644,-0.4064981520515247,-0.33998640353961374
NNP_GIRM_0046,-0.5656589746232066,-0.5575085949072652,-0.5566781066795041,0.0,0.0,0.0,0.0,0.0,0.0
NNP_GIRM_0047,0.0,0.0,0.0,0.0,0.0,0.0,0.0,0.0,0.0
NNP_GIRM_0048,0.25757127783605244,0.235841417769124,0.2152286713822137,0.1691744898781534,0.205354964790622,0.0,0.0,0.0,0.0
NNP_GIRM_0049,0.0,0.0,0.0,0.0,0.0,0.0,0.0,0.0,0.0
NNP_GIRM_0051,0.0,0.0,0.0,0.0,0.0,0.0,0.0,0.0,0.0
NNP_GIRM_0055,0.0,0.0,0.0,0.0,0.0,0.0,0.0,0.0,0.0
NNP_GIRM_0057,0.1013376445959725,0.11210817963619762,0.11551485626490618,0.09512864073317077,0.10302450553787483,0.14258400917845615,0.0,0.0,0.0
NNP_GIRM_0059,-0.7980793075774394,-0.7733713476229954,-0.8240510399515494,0.0,0.0,0.0,0.0,0.0,0.0
NNP_GIRM_0060,0.0,0.0,0.0,0.0,0.0,0.0,0.0,0.0,0.0
NNP_GIRM_0062,0.0,0.0,0.0,0.0,0.0,0.0,0.0,0.0,0.0
NNP_GIRM_0064,0.0,0.0,0.0,0.0,0.0,0.0,0.0,0.0,0.0
NNP_GIRM_0066,0.0,0.0,0.0,0.0,0.0,0.0,0.0,0.0,0.0
NNP_GIRM_0067,0.0,0.0,0.0,0.0,0.0,0.0,0.0,0.0,0.0
NNP_GIRM_0068,0.0,0.0,0.0,0.0,0.0,0.0,0.0,0.0,0.0
NNP_GIRM_0070,0.054464283013850076,0.054564231100802406,0.042769907393462044,0.026454235004474646,0.0,0.0,0.0,0.0,0.0
NNP_GIRM_0073,0.0,0.0,0.0,0.0,0.0,0.0,0.0,0.0,0.0
NNP_GIRM_0076,0.1117391211049364,0.12162160087824546,0.0,0.0,0.0,0.0,0.0,0.0,0.0
NNP_GIRM_0080,0.0,0.0,0.0,0.0,0.0,0.0,0.0,0.0,0.0
NNP_GIRM_0081,-0.18526359330747322,0.08191276434019928,0.09162643864487416,0.09019437979305392,0.08072626233736241,0.10220187281702339,0.11479514149249813,0.17894890224320992,0.0
NNP_GIRM_0087,0.0,0.0,0.0,0.0,0.0,0.0,0.0,0.0,0.0
NNP_GIRM_0088,0.06932126047800731,0.06806705268623618,0.10236962741938578,0.11431722594622205,0.13704751903839382,0.11554360500922455,0.12867554898300024,0.0,0.0
NNP_GIRM_0089,0.4983651243809763,0.4974191614162193,0.5047134075349027,0.4976338554824456,0.4837208950040504,0.5367893418618133,0.0,0.0,0.0
NNP_GIRM_0090,0.0,0.0,0.0,0.0,0.0,0.0,0.0,0.0,0.0
NNP_GIRM_0095,0.192400888703751,0.19832626657745056,0.1961708530619694,0.10921022967836648,0.0,0.0,0.0,0.0,0.0
NNP_GIRM_0096,0.0,0.0,0.0,0.0,0.0,0.0,0.0,0.0,0.0
NNP_GIRM_0099,0.07931484902790593,0.07216881690049591,0.06905140751824683,0.061315749370271226,0.0594084622171212,0.0,0.0,0.0,0.0
NNP_GIRM_0101,0.17771543807984236,0.18420745054737564,0.1588442877239972,0.1209420908431684,0.0,0.0,0.0,0.0,0.0
NNP_GIRM_0103,0.0,0.0,0.0,0.0,0.0,0.0,0.0,0.0,0.0
NNP_GIRM_0105,-0.24248555022826157,-0.2278323250083842,-0.2511742073894201,-0.28201315670028704,-0.30568078384075076,-0.21603251167312898,0.0,0.0,0.0
NNP_GIRM_0108,0.0,0.0,0.0,0.0,0.0,0.0,0.0,0.0,0.0
NNP_GIRM_0110,0.48812448273489806,0.40300919600917523,0.3752391645662697,0.34113042908261293,0.37783272477235197,0.3091051501048012,0.5278906098374484,0.0,0.0
NNP_GIRM_0111,0.0,0.0,0.0,0.0,0.0,0.0,0.0,0.0,0.0
NNP_GIRM_0115,0.0,0.0,0.0,0.0,0.0,0.0,0.0,0.0,0.0
NNP_GIRM_0116,0.18085468069770239,0.15384788081375367,0.20552736311368286,0.2423054587595145,0.3144070044287798,0.27476625753553324,0.30889504359430275,0.0,0.0
NNP_GIRM_0118,0.09088474948824143,0.07277569653804435,0.0861795819051883,0.05638918547871581,0.042330035544039635,0.0621850793259853,0.06798008758607527,0.0,0.0
NNP_GIRM_0119,0.11760203360244659,0.11737990575251725,0.11468079674240683,0.09660277426085855,0.12254051032603092,0.0,0.0,0.0,0.0
NNP_GIRM_0123,0.0,0.0,0.0,0.0,0.0,0.0,0.0,0.0,0.0
NNP_GIRM_0127,0.0,0.0,0.0,0.0,0.0,0.0,0.0,0.0,0.0
NNP_GIRM_0130,0.0,0.0,0.0,0.0,0.0,0.0,0.0,0.0,0.0
NNP_GIRM_0131,0.0,0.0,0.0,0.0,0.0,0.0,0.0,0.0,0.0
NNP_GIRM_0137,0.10481795918706195,0.09938137482153254,0.08110146806394693,0.06692624568954507,0.09697825034832107,0.18445871518033477,0.1972352491940148,0.1372707754494298,0.0
NNP_GIRM_0140,-0.19619363133725998,-0.21050116606275407,-0.2172597241944843,-0.2926813068429374,-0.28591473491039454,-0.27722566404969967,-0.1842007207719251,0.0,0.0
NNP_GIRM_0141,0.0,0.0,0.0,0.0,0.0,0.0,0.0,0.0,0.0
NNP_GIRM_0142,0.0,0.0,0.0,0.0,0.0,0.0,0.0,0.0,0.0
NNP_GIRM_0143,0.6764734158018113,0.5156301036656747,0.4147211178898357,0.27896702615981167,0.26521130369739065,0.30571758853750053,0.3963226766072337,0.12335329124406963,0.17976144796465035
NNP_GIRM_0148,0.0,0.0,0.0,0.0,0.0,0.0,0.0,0.0,0.0
NNP_GIRM_0149,0.17034114385550442,0.13601478392677235,0.10799954539102706,0.11209673593073312,0.08712733682038576,0.1260301453738301,0.1157433807181547,0.0,0.0
NNP_GIRM_0151,0.6021468340729449,0.6000346706363789,0.6049875940560053,0.49472544479577707,0.18152922739167607,0.2553310891025583,0.20537692101685268,0.21747049870962798,0.0
NNP_Masterpachy.cs.uic.edu:jonc:/home/shared_ibeis/data/work/NNP_Master6,0.0,0.0,0.0,0.0,0.0,0.0,0.0,0.0,0.0
PZ_MUGU_18hyrule:joncrall:/media/raid/work/PZ_MUGU_180,0.0,0.0,0.0,0.0,0.0,0.0,0.0,0.0,0.0
PZ_MUGU_19hyrule:joncrall:/media/raid/work/PZ_MUGU_190,0.0,0.0,0.0,0.0,0.0,0.0,0.0,0.0,0.0
PZ_MUGU_20hyrule:joncrall:/media/raid/work/PZ_MUGU_200,0.0,0.0,0.0,0.0,0.0,0.0,0.0,0.0,0.0
Split_Percent,0.1,0.2,0.30000000000000004,0.4,0.5,0.6,0.7000000000000001,0.8,0.9
UNKNOWN NAME,0.037085838475107734,0.13807574015586566,0.17249941874916322,0.03620184339611816,0.0186295772254629,0.008758913358499563,-0.19570691631471046,-0.17057496451503326,-0.28275076983588443
UNKNOWN SEX,0.21310293184954945,0.23043734873851235,0.15356328229645122,0.08831218275522945,-0.10280261526436275,-0.22822350670060576,-0.1626973102373109,-0.3123679143351588,-0.06831454730995773
____,0.037085838475107734,0.13807574015586566,0.17249941874916322,0.03620184339611816,0.0186295772254629,0.008758913358499563,-0.19570691631471046,-0.17057496451503326,-0.28275076983588443
adult,0.020411926469545698,0.004483757281687436,0.04096962540432252,0.028040168792299563,0.035426767939147084,-0.022821717179159207,0.026346225025070422,-0.04229351330144321,-0.07727526032639316
animal,0.4875015302832129,0.4045943030358946,0.5227153000571237,0.697172256164288,0.7119024332581121,0.6135839020152297,0.7362532242978936,0.6825313588420318,0.4304297272951194
antelope,0.13122280298678213,0.13284490860434667,0.20248454337400937,-0.10480472918435516,-0.05238894964668749,-0.05652772945678224,-0.052279334069937754,-0.06400047875714228,-0.04277076176123355
arthropod,0.0,0.0,0.0,0.0,0.0,0.0,0.0,0.0,0.0
baby,0.62897083221115,0.5111099675054682,0.4892588798186283,0.4514237893597732,0.4072552886896415,0.44033907827532925,0.4761333849082925,0.204143814054607,0.3302254046718553
back,-0.3807690068444242,-0.3571733650103567,-0.30053172646570475,-0.18352750424573672,0.22814380027080222,0.31853212690957844,0.15179942813154168,-0.24656738214488788,0.0
backleft,-0.6633961626739558,-0.8735569004010557,-0.9076290345657377,-0.8335773615293254,-0.9823595768558322,-1.2517865226552822,-1.5050268608065573,-1.6227239480249191,-0.7495868819299144
backright,-0.3216926608937241,-0.06458019161673528,-0.0335888631796606,0.1425717199531502,0.08591544554068807,0.36735139672116907,0.3380560209160904,0.3403870948630108,0.0
big cat,0.27278213048908595,0.26485548848248497,0.23403290356832282,0.17205593701907246,0.12099993129675347,0.0,0.0,0.0,0.0
brown,1.0803647617906447,0.860227975103787,0.9023086722847304,0.8036208941718691,0.6891879627633622,0.5310786929720477,0.25222846270757104,0.5888328984037355,0.0
brush,0.0,0.0,0.0,0.0,0.0,0.0,0.0,0.0,0.0
bushes,-0.1910626077756085,-0.19849216108564452,-0.20394042787794683,0.1954808196772539,0.0,0.0,0.0,0.0,0.0
cactus,-0.11258006441554744,-0.10706265907778237,-0.11245602048231135,-0.11466098782622716,-0.11688438478261107,-0.14250611082687334,0.0,0.0,0.0
conifer,0.0,0.0,0.0,0.0,0.0,0.0,0.0,0.0,0.0
crossing,0.08413178387468363,0.06973794603561974,0.09758569468901053,0.10460879067072447,0.0,0.0,0.0,0.0,0.0
deer,-0.19619363133725998,-0.21050116606275407,-0.2172597241944843,-0.2926813068429374,-0.28591473491039454,-0.27722566404969967,-0.1842007207719251,0.0,0.0
desert,0.0,0.0,0.0,0.0,0.0,0.0,0.0,0.0,0.0
dirt,0.03749981479582703,0.4070704308073679,0.3346696690337586,0.25918163603735567,0.5519943465995343,0.3812514849247265,0.26033830967999083,0.2628029910605369,0.3255757151774286
drink,0.04942973622421362,0.043703515509234576,0.06073571183925018,0.05492654276256103,0.034176213810503786,0.03597079278096041,0.049617911864731815,0.07347070312387947,0.0
drinking,0.04942973622421362,0.043703515509234576,0.06073571183925018,0.05492654276256103,0.034176213810503786,0.03597079278096041,0.049617911864731815,0.07347070312387947,0.0
dry,0.19488318451426823,0.22835467094796918,0.3317723089674106,0.12243264121638983,0.259833360805315,0.2520267246577707,-0.046417480551688,-0.10388545573737937,-0.20846588895967882
eating,0.001585587722514917,-0.06730931409630164,0.18441556662972128,-0.14930223277072835,-0.21152481442235568,0.0,0.0,0.0,0.0
elephant,-0.11612326649800452,-0.13167407312611099,-0.11183253120435607,-0.1552442823867921,-0.3152288476294598,-0.29780497232055025,-0.1977785152453205,0.0,0.0
excellent,1.853302957170202,1.8056541783342213,1.5863676036958654,1.3991403124807498,1.061298099879693,1.096390822816934,0.7772762241998219,0.24552228776306984,0.0
field,0.33610314114426293,0.3802639841185615,0.3873408110794124,0.21496021882538074,0.0884171164332939,-0.1558064244688648,-0.025894063223659926,0.28496367394244243,-0.2525383650057671
forest,-0.5030643249729329,-0.4837764587839529,-0.3704175644119297,-0.31602124843823187,-0.3254920231949492,-0.33189314005323994,-0.2613126748241894,0.0,0.0
front,0.31226842799477794,0.44477674708123593,0.25651287560125086,0.2668220818778804,0.5144767071396228,0.36620197986505354,0.049617911864731815,0.07347070312387947,0.0
frontleft,0.7611044809096936,0.7473535148986787,0.6484028720557451,0.7286307769875112,0.8597383250395003,0.45083242485025743,0.3876290798217286,0.3286382861255646,0.17976144796465035
frontright,0.30788426393512325,0.05243649757348412,0.2320369023859704,0.12778167103875676,0.20364882031407544,0.007247925792946569,0.1545558713026644,-0.08294815609403738,0.10269845070399496
giraffe,0.755376296511017,0.8389589922076135,0.41479438382215783,0.46585847983181494,0.6484326958105968,0.3302516651349667,-0.11590123669315763,-0.18225667246235058,0.248309946767732
giraffe_masai,0.6724025710946324,0.6776758893667886,0.7145252195444692,0.7476240903664293,0.826685114216275,0.6127879801869069,0.3547852980530348,0.38044485675097084,0.25164103812135497
good,0.9927304515608245,1.1148222065512694,1.1333329891344652,1.1139155484254812,1.0005506718255075,1.0041557449607452,0.8205638889624127,0.9365682835688475,0.5164436560836211
grass,-0.5392777400000881,-0.6862894035662686,-0.6165184211739422,-0.6209029654661319,-0.2994969064608716,-0.4477853434193237,-0.2532585796676535,-0.09718140216426635,-0.23799696960942068
grassy,-0.02723456726221431,-0.030965084009244154,0.13682857923156316,0.18070504710401772,-0.001437695157248835,-0.04444485858673612,0.40703318901070995,0.04716460438287011,-0.5485700161276411
grazing,-0.39535596968155884,-0.33632507524575705,0.17398968360647946,0.0008565208795512081,0.11818280132976848,0.31061801736703154,0.5958303056393235,0.5167988025712672,0.0
green,0.19524045670228715,0.06036095611742494,0.05315686391957738,-0.006145592169271378,0.11793628210807669,0.11539653926367943,-0.16520260497459094,-0.5196045695940364,-0.11930004380632946
ground,1.427614744138371,1.668426075272053,1.4812420339506085,1.3567210139061943,1.4420934798407057,1.2442921540821184,1.1512130004045436,0.5197537658476785,0.49857937019540643
group,-1.0728843073431713,-1.0516309944357678,-0.9381862375848151,-1.0690909460418245,-1.1469169975574425,-1.1795077177899416,-1.2864297508528735,-0.9529826353709235,-0.6672830838813819
hay,0.0,0.0,0.0,0.0,0.0,0.0,0.0,0.0,0.0
herd,0.07908019637734766,0.06856511517244447,-0.012938275339563104,0.23725103117790758,0.20939035575721607,0.30374023289164964,0.3507310129951813,0.2697663514206937,-0.30140381870638083
hill,0.07931484902790593,0.07216881690049591,0.06905140751824683,0.061315749370271226,0.0594084622171212,0.0,0.0,0.0,0.0
hyena,-0.6086057219589538,-0.6193089493163972,0.0,0.0,0.0,0.0,0.0,0.0,0.0
infant,0.16835078448010948,0.15337542662656434,0.1119445736183116,0.29774231799570866,0.46153361536045395,0.19004481479041582,0.06685827797960768,-0.4585378364363733,-0.5616998674994159
junk,-0.2550022342376414,-0.44047388003944804,-0.2905468935889813,-0.3856247248603343,-0.528450300414156,-0.45871696984185084,-0.4093454925615697,-0.3762324773191054,-0.6491930178737547
juveniles - one year old,-0.046427041913219266,0.02479514267498677,0.0971568434980135,-0.16070220873758076,-0.29250086300717704,-0.11510717638487437,0.17873965547275064,-0.2231794023993372,0.10611667616040998
juveniles- two year old,0.2879790456452024,0.1539229974684994,0.21381820051247738,0.2644755543985232,0.11187157897256583,-0.029469498816007828,-0.022523285590976015,0.13399772951149924,0.2543629356483219
lake,0.04942973622421362,0.043703515509234576,0.06073571183925018,0.05492654276256103,0.034176213810503786,0.03597079278096041,0.049617911864731815,0.07347070312387947,0.0
laying,0.11696077069183666,0.09917470967671291,0.0,0.0,0.0,0.0,0.0,0.0,0.0
leaf,0.17426423070734234,0.1549093055462225,0.0274850523219989,-0.12848449289584107,-0.4928598622067963,-0.48003469747491734,-0.3017388069570043,-0.24656738214488788,0.0
left,-0.10908065673602776,-0.14498638029701724,-0.14486772721428243,-0.3567797573781176,-0.5048044472175267,-0.2151614376018868,-0.4851620401571468,-0.48916594771137284,-0.5002736264287548
llama,0.040759966968638275,0.0517659319252569,0.05031930962975287,0.03956195605293142,0.044788844550406465,0.1164585428120646,0.12430771060150832,0.0,0.0
lone,-0.2049377737108346,-0.24017288006655113,0.0527326422393836,-0.209892578624683,0.0,0.0,0.0,0.0,0.0
looking,0.1898441966182686,0.17642537121812824,0.18211717428873686,0.22347542385816374,0.14499056755216913,0.1676117788664195,0.28997007893987403,0.29059214498748986,0.30755924824034236
lush,0.2572997352544808,0.28045378349330313,0.31084763168720075,0.03956195605293142,0.044788844550406465,0.1164585428120646,0.12430771060150832,0.0,0.0
mammal,0.957204022076584,0.8393343317183406,0.8672345502392176,1.0721654137031056,0.851388029772745,0.8401519099395969,1.0379920312548991,0.929098740986915,0.4304297272951194
mother,0.19268444772315418,0.0,0.0,0.0,0.0,0.0,0.0,0.0,0.0
mountain,-0.5933757642245127,-0.5599287337069216,-0.4512869346568948,-0.3297210191679027,-0.4073965929434627,-0.4912623042366293,-0.10160403681278188,0.0,0.0
ok,0.6699568854857272,0.680843594854033,0.6972956055861567,0.6332880140694738,0.6289433414016655,0.7058460025176304,0.38292483151913265,0.029878766599029556,0.010357635989260932
open,0.3082824115354627,0.45438570531465466,0.16508840060558785,0.2029392360073264,0.17298501581743378,0.372679182097709,0.16186570283548316,0.06942889642890347,0.48445006490857095
outdoor,-1.0348798829957737,-0.9747083417748081,-0.9460078227489547,-0.8036939057078354,-0.7339306997690245,-0.5107076651127601,-0.5540274588888104,-0.2723594229556158,0.09850426291888131
path,-0.12936939248612994,-0.20579557834414025,-0.1244717863009846,-0.1952378728123213,-0.3744953410286839,-0.42634927702473613,0.05724517975971093,0.04640813351234101,0.0
plain,-0.1956629128263498,-0.2604929842218106,-0.2312351797819186,-0.07073222197637617,-0.15021608762613997,0.3282227322070935,0.021955272387483432,-0.03681763020184972,-0.06824692019510356
plant,0.3857850599654289,0.3903565023384369,0.3922573870525914,0.38297286765621846,0.36683651022143937,0.39428323103493995,0.0,0.0,0.0
pond,0.04942973622421362,0.043703515509234576,0.06073571183925018,0.05492654276256103,0.034176213810503786,0.03597079278096041,0.049617911864731815,0.07347070312387947,0.0
poor,0.10046501600832303,0.08525711741319851,-0.030891592088301043,-0.011541405531030467,0.14815355252153917,0.1758561756489799,0.003722909382327375,-0.18950713603391903,-0.2670378169356462
right,0.32059442026637264,0.3603749367801278,0.5402751095425717,0.4674611300532342,0.3171445998758207,0.5536874783385953,0.2062003482552624,0.31210163809374913,0.48381446976429165
river,0.04942973622421362,0.043703515509234576,0.06073571183925018,0.05492654276256103,0.034176213810503786,0.03597079278096041,0.049617911864731815,0.07347070312387947,0.0
road,0.5712597089910445,0.491146378138794,0.5781469609580597,0.569479416606383,0.3181110981740821,0.13173120014056064,0.1574223742329866,0.14217129825406388,0.11294197168828671
running,0.0,0.0,0.0,0.0,0.0,0.0,0.0,0.0,0.0
sheep,0.3738808220157355,0.35296256111955604,0.28397568636272585,0.26767138319117517,0.25176747232511626,0.2883726600765044,0.2662209447836812,0.36099838083910724,0.0
sky,-0.16939553662128093,-0.2355940783382487,-0.2803155199943743,-0.2476962052957188,-0.2896001062766244,-0.16979106916125927,0.2308983458228432,-0.14277114400434812,-0.4379783901647197
standing,0.2601783911592969,0.48365255265900514,0.519806407720854,0.3002912639520548,0.27529984718421463,0.21941931977666662,0.17391590782552474,0.14886577647121363,0.43185150432932967
tall,-1.1757280250768067,-1.128983286884046,-1.2089191153673606,-0.9347878040201852,-0.8130456830031199,-0.5739969295852446,-0.808801781499516,-0.7592326784460474,-0.4260853425409311
tree,0.19348183411153255,0.13123150276835688,0.12189231707954686,-0.023466428136016553,-0.41057541489565685,-0.425711580222975,-0.2490541963138,-0.27075767835539455,0.20449433008097076
unknown,0.21673535238978087,0.22244065366165822,0.1900046648876335,0.16811703167903894,0.1922211691913952,0.24794193571309664,0.10248094467550802,0.0,0.0
walking,-0.07215613164592269,-0.07442048437247652,-0.1390105576010908,-0.17805776666888645,-0.012354226223819773,0.3618308864982515,0.34104008581366846,0.7875581192893095,0.7343367508975619
water,0.4569934200896861,0.27497899608437476,0.32983013609390827,0.2693754872016534,0.27189806901874664,0.22707313223963427,0.2897564150071104,0.2837815002692761,0.2381006562363615
way,0.6448225693733487,0.5935670195980356,0.63361309628838,0.6737550299213577,0.5940591925264997,0.6383772395752891,0.0,0.0,0.0
wild,-0.5544602779976638,-0.6325108038666568,-0.5659434570477665,-0.3031471025558845,-0.6876322831968321,-0.8964203874209982,-0.7297677267072671,-0.9635666807304251,-0.6734266705472762
zebra,0.8232227811249231,0.7056973261147128,0.3369991978553991,0.16018821524703644,0.2648935068959859,0.4256217392024602,0.28096878123619845,0.4154335070585761,0.39614852665403694
zebra_plains,-0.7175744096157625,-0.659044962738341,-0.6886623134282945,-0.6509030873102611,-0.5592633970803348,-0.5840321105859877,-0.5647191926087982,-0.3298755811920524,-0.15313677520247443
