../Other/MTurk_Job_files/mTurkFilesExpt3/Expt3_photo_album_6,"[1276, 1269, 1259, 1273, 1244, 1264, 1245, 1248, 1258, 1255, 1236, 1246, 1267, 1239, 1241, 1263, 1270, 1277, 1265, 1268, 1261, 1271, 1256, 1266, 1237, 1257, 1262, 1253, 1247, 1254, 1250, 1274, 1280, 1238, 1251, 1275, 1243, 1272, 1260, 1240, 1279, 1242, 1252, 1249, 1278]"
../Other/MTurk_Job_files/mTurkFilesExpt3/Expt3_photo_album_37,"[3076, 3131, 3077, 3165, 3084, 3081, 3163, 3133, 3091, 3134, 3114, 3090, 3126, 3104, 3150, 3094, 3124, 3082, 3149, 3162, 3117, 3089, 3159, 3112, 3154, 3096, 3075, 3115, 3069, 3143, 3092, 3100, 3079, 3135, 3080, 3106, 3156, 3119, 3130, 3095, 3120, 3083, 3127, 3142, 3121, 3122, 3168, 3088, 3157, 3151, 3071, 3110, 3155, 3087, 3116, 3137, 3146, 3074, 3099, 3103, 3085, 3158, 3111, 3144, 3129, 3109, 3140, 3123, 3125, 3136, 3139, 3078, 3113, 3072, 3070, 3153, 3166, 3160, 3105, 3107, 3086, 3101, 3118, 3108, 3167, 3152, 3073, 3132, 3148, 3102, 3145, 3097, 3141, 3138, 3128, 3098, 3093, 3164, 3161, 3147]"
../Other/MTurk_Job_files/mTurkFilesExpt3/Expt3_photo_album_30,"[5037, 5044, 5038, 5116, 5099, 5075, 5053, 5112, 5105, 5069, 5115, 5122, 5109, 5050, 5055, 5067, 5137, 5028, 5143, 5134, 5101, 5132, 5135, 5111, 5102, 5090, 5060, 5051, 5129, 5072, 5034, 5098, 5057, 5096, 5117, 5073, 5031, 5029, 5077, 5126, 5052, 5041, 5103, 5078, 5141, 5076, 5059, 5095, 5071, 5054, 5097, 5130, 5079, 5080, 5066, 5125, 5084, 5070, 5094, 5068, 5061, 5114, 5043, 5128, 5133, 5032, 5033, 5113, 5039, 5088, 5082, 5086, 5036, 5142, 5048, 5089, 5140, 5092, 5131, 5074, 5085, 5107, 5123, 5049, 5127, 5081, 5124, 5035, 5100, 5045, 5118, 5062, 5120, 5110, 5063, 5139, 5119, 5091, 5047, 5087, 5064, 5106, 5042, 5056, 5030, 5065, 5121, 5138, 5040, 5058, 5136, 5083, 5108, 5046, 5093, 5104]"
../Other/MTurk_Job_files/mTurkFilesExpt3/Expt3_photo_album_33,"[530, 541, 493, 618, 623, 610, 582, 553, 566, 576, 556, 598, 489, 477, 488, 578, 514, 474, 546, 475, 636, 637, 604, 491, 558, 597, 611, 572, 642, 478, 555, 549, 508, 554, 607, 613, 639, 583, 569, 603, 564, 560, 612, 608, 628, 627, 542, 624, 511, 557, 524, 634, 574, 587, 533, 581, 577, 499, 507, 641, 565, 532, 537, 561, 528, 595, 534, 590, 625, 643, 550, 635, 580, 629, 545, 519, 592, 620, 496, 529, 469, 509, 615, 588, 535, 640, 495, 585, 540, 480, 602, 502, 548, 570, 559, 584, 644, 617, 621, 594, 517, 513, 518, 596, 481, 521, 486, 500, 526, 498, 593, 487, 591, 525, 492, 630, 571, 573, 472, 606, 523, 536, 599, 468, 575, 539, 516, 512, 551, 563, 484, 633, 520, 543, 632, 538, 589, 471, 501, 619, 527, 490, 497, 476, 522, 638, 470, 600, 601, 505, 473, 506, 552, 515, 562, 614, 503, 622, 586, 482, 510, 479, 568, 485, 579, 631, 504, 494, 616, 531, 547, 467, 483, 605, 544, 567, 626, 609]"
../Other/MTurk_Job_files/mTurkFilesExpt3/Expt3_photo_album_1,"[6977, 7054, 7090, 7029, 6959, 6950, 6974, 7047, 6980, 6854, 7077, 7033, 7058, 7056, 6929, 7085, 6949, 7010, 6908, 7065, 6957, 7076, 6952, 7051, 7066, 6944, 7062, 7025, 6834, 6953, 6972, 7079, 6995, 6907, 7049, 6829, 6991, 7089, 6937, 6947, 6979, 6849, 7026, 6969, 6863, 7082, 6940, 6958, 6848, 6968, 7053, 7061, 6888, 7016, 7024, 6835, 6838, 6946, 7052, 6847, 6976, 6935, 7045, 7070, 6820, 6861, 7039, 6841, 6978, 7021, 7037, 6851, 7020, 6918, 6931, 7044, 6855, 7042, 6960, 6882, 7073, 7075, 7003, 7068, 6975, 6997, 7078, 6916, 7048, 6934, 6939, 6973, 7014, 6945, 7018, 7063, 6986, 6858, 7032, 7012, 7027, 7035, 6836, 7009, 6833, 6988, 7023, 6951, 6852, 7004, 6843, 6942, 6938, 7028, 6828, 7092, 6925, 7046, 6831, 6928, 6926, 6922, 7083, 7040, 7067, 6970, 6865, 6987, 6941, 6985, 6943, 6839, 7087, 7086, 7019, 6885, 6856, 7074, 7007, 7060, 7005, 7001, 7081, 7057, 7013, 7015, 6983, 6981, 7080, 7041, 7055, 6887, 6857, 6850, 6919, 6837, 6859, 6982, 6930, 6964, 6966, 6999, 6956, 6830, 6884, 6989, 6846, 7059, 6990, 6917, 6864, 6998, 6915, 6886, 7006, 6845, 6924, 6844, 6920, 6853, 6992, 7069, 6962, 6927, 6967, 6840, 7093, 6971, 7088, 6921, 6832, 6842, 6984, 6993, 6883, 7050, 7072, 7011, 7091, 6862, 7031, 6932, 6965, 6933, 6923, 7030, 7071, 7022, 7008, 6963, 7064, 6936, 7034, 6948, 6954, 6860, 7043, 7002, 6994, 7036, 6955, 6961, 7000, 7038, 7084, 7017, 6996]"
../Other/MTurk_Job_files/mTurkFilesExpt3/Expt3_photo_album_22,"[3364, 3357, 3354, 3392, 3353, 3460, 3381, 3450, 3319, 3449, 3355, 3475, 3403, 3483, 3307, 3384, 3443, 3327, 3422, 3404, 3484, 3446, 3468, 3407, 3341, 3365, 3436, 3351, 3312, 3391, 3414, 3317, 3326, 3470, 3360, 3447, 3402, 3418, 3339, 3385, 3325, 3424, 3352, 3476, 3350, 3459, 3452, 3419, 3328, 3321, 3318, 3399, 3386, 3383, 3428, 3361, 3405, 3423, 3433, 3469, 3315, 3363, 3421, 3441, 3348, 3370, 3474, 3471, 3397, 3347, 3458, 3454, 3389, 3331, 3369, 3394, 3473, 3456, 3480, 3322, 3395, 3377, 3442, 3463, 3356, 3387, 3398, 3310, 3411, 3334, 3420, 3477, 3416, 3439, 3393, 3430, 3481, 3343, 3367, 3346, 3455, 3406, 3316, 3445, 3448, 3362, 3337, 3431, 3453, 3432, 3340, 3309, 3324, 3358, 3413, 3464, 3482, 3479, 3486, 3429, 3472, 3379, 3332, 3466, 3380, 3408, 3323, 3359, 3427, 3366, 3308, 3426, 3440, 3373, 3400, 3336, 3467, 3444, 3371, 3488, 3434, 3425, 3375, 3461, 3438, 3344, 3342, 3415, 3368, 3314, 3335, 3465, 3487, 3412, 3374, 3345, 3437, 3409, 3311, 3485, 3457, 3396, 3338, 3435, 3349, 3329, 3401, 3376, 3378, 3320, 3462, 3372, 3313, 3451, 3333, 3417, 3330, 3382, 3410, 3388, 3478, 3390]"
../Other/MTurk_Job_files/mTurkFilesExpt3/Expt3_photo_album_54,"[8189, 8007, 8060, 8193, 8025, 8042, 8017, 8010, 8131, 8082, 8114, 8171, 8067, 8134, 8188, 8077, 8110, 8169, 8095, 8102, 8032, 8122, 8157, 8061, 8065, 8070, 8125, 8083, 8103, 8019, 8170, 8194, 8107, 8130, 8120, 8043, 8097, 8144, 8139, 8185, 8006, 8086, 8156, 8124, 8108, 8080, 8183, 8155, 8184, 8089, 8150, 8051, 8011, 8075, 8071, 8093, 8163, 8029, 8100, 8046, 8147, 8153, 8009, 8084, 8198, 8069, 8195, 8118, 8111, 8016, 8161, 8085, 8179, 8133, 8165, 8168, 8167, 8024, 8076, 8162, 8087, 8062, 8048, 8015, 8044, 8068, 8064, 8022, 8020, 8027, 8112, 8081, 8136, 8078, 8116, 8123, 8098, 8034, 8181, 8152, 8072, 8037, 8035, 8105, 8013, 8197, 8182, 8149, 8063, 8166, 8079, 8023, 8055, 8096, 8126, 8041, 8148, 8101, 8053, 8160, 8014, 8146, 8128, 8030, 8164, 8178, 8137, 8049, 8109, 8176, 8056, 8008, 8040, 8119, 8059, 8186, 8187, 8031, 8129, 8094, 8142, 8154, 8196, 8132, 8115, 8033, 8127, 8192, 8141, 8047, 8175, 8159, 8151, 8092, 8113, 8073, 8039, 8036, 8190, 8045, 8038, 8177, 8018, 8057, 8121, 8104, 8021, 8191, 8088, 8140, 8028, 8173, 8005, 8058, 8143, 8052, 8106, 8180, 8117, 8135, 8066, 8050, 8099, 8054, 8145, 8091, 8172, 8174, 8090, 8158, 8138, 8074, 8012, 8026]"
../Other/MTurk_Job_files/mTurkFilesExpt3/Expt3_photo_album_2,"[2676, 2715, 2652, 2638, 2586, 2624, 2605, 2680, 2723, 2729, 2688, 2714, 2665, 2552, 2589, 2587, 2736, 2696, 2544, 2659, 2562, 2675, 2646, 2620, 2727, 2619, 2657, 2585, 2640, 2650, 2667, 2701, 2553, 2692, 2548, 2645, 2691, 2653, 2643, 2695, 2579, 2637, 2708, 2654, 2578, 2593, 2560, 2600, 2625, 2713, 2557, 2651, 2611, 2629, 2565, 2735, 2543, 2631, 2616, 2569, 2717, 2571, 2728, 2711, 2591, 2612, 2720, 2596, 2685, 2700, 2644, 2541, 2592, 2706, 2563, 2550, 2577, 2615, 2542, 2661, 2632, 2681, 2608, 2702, 2602, 2574, 2614, 2546, 2576, 2621, 2683, 2660, 2699, 2704, 2582, 2731, 2599, 2697, 2719, 2606, 2647, 2678, 2609, 2722, 2737, 2655, 2664, 2597, 2724, 2583, 2721, 2642, 2559, 2573, 2627, 2567, 2564, 2726, 2698, 2663, 2730, 2649, 2686, 2572, 2684, 2604, 2718, 2547, 2666, 2690, 2679, 2628, 2623, 2618, 2617, 2598, 2630, 2703, 2677, 2658, 2707, 2558, 2613, 2603, 2641, 2607, 2694, 2682, 2687, 2674, 2705, 2693, 2732, 2588, 2662, 2580, 2590, 2648, 2561, 2595, 2738, 2556, 2566, 2733, 2554, 2594, 2568, 2712, 2622, 2709, 2716, 2668, 2635, 2633, 2734, 2584, 2656, 2626, 2551, 2669, 2581, 2610, 2634, 2725, 2689, 2570, 2549, 2636, 2575, 2601, 2555, 2639, 2545, 2710]"
../Other/MTurk_Job_files/mTurkFilesExpt3/Expt3_photo_album_87,"[4886, 4868, 4952, 4921, 4907, 4878, 4924, 4950, 4869, 4896, 4911, 4906, 4927, 4934, 4941, 4892, 4917, 4920, 4871, 4948, 4926, 4894, 4905, 4922, 4882, 4899, 4903, 4942, 4933, 4946, 4888, 4947, 4876, 4913, 4925, 4914, 4951, 4874, 4887, 4935, 4884, 4928, 4918, 4885, 4938, 4883, 4872, 4930, 4949, 4919, 4870, 4939, 4898, 4943, 4910, 4877, 4929, 4880, 4908, 4937, 4909, 4893, 4904, 4873, 4902, 4881, 4916, 4936, 4890, 4889, 4900, 4901, 4932, 4875, 4945, 4940, 4923, 4944, 4891, 4912, 4897, 4915, 4895, 4879, 4931]"
../Other/MTurk_Job_files/mTurkFilesExpt3/Expt3_photo_album_35,"[1157, 1171, 1164, 1149, 1175, 1162, 1161, 1170, 1158, 1163, 1176, 1153, 1147, 1151, 1165, 1150, 1173, 1167, 1172, 1152, 1159, 1168, 1160, 1155, 1177, 1169, 1174, 1166, 1154, 1178, 1179, 1156, 1148, 1182]"
../Other/MTurk_Job_files/mTurkFilesExpt3/Expt3_photo_album_81,"[663, 729, 717, 645, 694, 711, 693, 692, 676, 683, 649, 673, 681, 758, 737, 754, 731, 770, 732, 789, 744, 648, 727, 743, 646, 672, 776, 779, 750, 710, 777, 761, 796, 778, 677, 688, 764, 759, 751, 714, 682, 742, 782, 652, 741, 706, 713, 768, 780, 659, 686, 655, 799, 718, 774, 684, 721, 661, 793, 797, 787, 763, 701, 720, 746, 775, 723, 654, 653, 752, 794, 801, 755, 650, 771, 766, 705, 667, 747, 790, 781, 716, 656, 748, 680, 783, 669, 767, 785, 660, 733, 666, 700, 689, 647, 739, 690, 765, 715, 788, 798, 687, 674, 665, 786, 685, 784, 704, 678, 697, 675, 772, 698, 712, 707, 662, 724, 691, 702, 651, 738, 735, 736, 749, 658, 745, 699, 671, 757, 760, 753, 791, 708, 769, 719, 668, 800, 728, 773, 734, 740, 664, 695, 679, 726, 657, 795, 725, 730, 709, 722, 670, 792, 703, 756, 696, 762]"
../Other/MTurk_Job_files/mTurkFilesExpt3/Expt3_photo_album_58,"[6585, 6641, 6625, 6536, 6808, 6594, 6443, 6540, 6677, 6442, 6573, 6577, 6628, 6769, 6706, 6744, 6431, 6530, 6471, 6429, 6576, 6662, 6717, 6436, 6804, 6664, 6554, 6707, 6567, 6762, 6525, 6486, 6722, 6460, 6491, 6456, 6668, 6584, 6810, 6720, 6626, 6489, 6447, 6546, 6521, 6776, 6678, 6700, 6659, 6701, 6718, 6524, 6615, 6560, 6656, 6661, 6569, 6441, 6572, 6687, 6502, 6467, 6537, 6738, 6558, 6599, 6621, 6663, 6689, 6541, 6737, 6650, 6702, 6459, 6638, 6646, 6434, 6790, 6658, 6455, 6519, 6451, 6496, 6714, 6532, 6478, 6618, 6657, 6620, 6512, 6624, 6794, 6807, 6505, 6568, 6552, 6440, 6673, 6688, 6469, 6719, 6715, 6528, 6529, 6448, 6466, 6503, 6477, 6791, 6473, 6712, 6716, 6691, 6504, 6682, 6694, 6426, 6782, 6520, 6669, 6444, 6745, 6731, 6468, 6644, 6772, 6432, 6511, 6725, 6506, 6600, 6806, 6771, 6734, 6435, 6665, 6446, 6430, 6742, 6610, 6517, 6801, 6622, 6428, 6480, 6499, 6685, 6518, 6728, 6667, 6427, 6498, 6474, 6586, 6548, 6763, 6751, 6798, 6607, 6747, 6547, 6755, 6690, 6748, 6543, 6602, 6497, 6616, 6708, 6559, 6509, 6535, 6538, 6778, 6775, 6450, 6522, 6513, 6683, 6786, 6710, 6631, 6561, 6749, 6533, 6630, 6639, 6462, 6601, 6767, 6787, 6617, 6802, 6758, 6492, 6580, 6811, 6743, 6453, 6637, 6507, 6713, 6642, 6679, 6514, 6727, 6484, 6783, 6556, 6479, 6445, 6756, 6647, 6516, 6454, 6635, 6636, 6555, 6571, 6549, 6780, 6726, 6784, 6752, 6764, 6604, 6574, 6741, 6472, 6527, 6614, 6733, 6488, 6768, 6795, 6588, 6563, 6550, 6709, 6654, 6740, 6632, 6623, 6487, 6723, 6611, 6545, 6645, 6686, 6481, 6597, 6542, 6592, 6590, 6464, 6655, 6660, 6476, 6544, 6606, 6721, 6651, 6809, 6589, 6757, 6534, 6565, 6704, 6605, 6433, 6452, 6732, 6792, 6640, 6724, 6483, 6557, 6449, 6613, 6711, 6553, 6799, 6501, 6463, 6766, 6793, 6746, 6627, 6788, 6649, 6587, 6619, 6705, 6666, 6736, 6598, 6789, 6695, 6779, 6692, 6612, 6760, 6672, 6739, 6510, 6539, 6494, 6523, 6648, 6681, 6770, 6812, 6800, 6634, 6603, 6754, 6803, 6578, 6629, 6753, 6703, 6526, 6761, 6583, 6500, 6437, 6570, 6582, 6593, 6797, 6531, 6675, 6457, 6759, 6482, 6785, 6495, 6773, 6684, 6461, 6564, 6609, 6670, 6575, 6591, 6676, 6777, 6674, 6579, 6475, 6490, 6508, 6693, 6680, 6735, 6643, 6551, 6470, 6774, 6596, 6652, 6458, 6515, 6438, 6781, 6750, 6493, 6796, 6485, 6699, 6465, 6698, 6653, 6805, 6581, 6696, 6608, 6562, 6697, 6671, 6765, 6730, 6566, 6439, 6729, 6595, 6633]"
../Other/MTurk_Job_files/mTurkFilesExpt3/Expt3_photo_album_92,"[7779, 7743, 7761, 7764, 7777, 7766, 7768, 7771, 7760, 7749, 7756, 7754, 7748, 7755, 7745, 7751, 7773, 7747, 7758, 7767, 7750, 7772, 7746, 7752, 7744, 7759, 7742, 7741, 7757, 7775, 7776, 7769, 7778, 7763, 7762, 7774, 7770, 7765, 7753]"
../Other/MTurk_Job_files/mTurkFilesExpt3/Expt3_photo_album_100,"[475, 471, 469, 490, 558, 478, 628, 491, 544, 624, 477, 580, 620, 640, 552, 601, 589, 468, 565, 625, 525, 487, 467, 600, 534, 539, 516, 474, 567, 513, 621, 622, 533, 612, 592, 481, 517, 642, 503, 608, 530, 518, 562, 597, 570, 641, 583, 605, 639, 480, 635, 568, 617, 555, 501, 495, 498, 582, 569, 615, 636, 576, 611, 488, 627, 482, 616, 587, 519, 590, 500, 618, 595, 584, 514, 632, 578, 484, 510, 511, 563, 506, 470, 473, 593, 629, 560, 613, 594, 575, 493, 497, 634, 630, 545, 602, 554, 546, 531, 547, 520, 598, 607, 561, 633, 610, 524, 579, 631, 566, 522, 586, 479, 542, 559, 623, 585, 596, 543, 505, 476, 504, 535, 550, 532, 538, 551, 549, 526, 604, 571, 536, 508, 553, 486, 644, 499, 509, 572, 492, 537, 541, 564, 606, 548, 574, 529, 494, 573, 540, 581, 521, 614, 496, 507, 588, 502, 489, 626, 483, 609, 472, 485, 599, 577, 557, 515, 512, 591, 637, 527, 619, 603, 638, 528, 556, 643, 523]"
../Other/MTurk_Job_files/mTurkFilesExpt3/Expt3_photo_album_45,"[1069, 1063, 1032, 1027, 996, 1022, 994, 995, 1030, 1078, 1121, 1016, 1101, 1119, 998, 1041, 1033, 1075, 1025, 1059, 1066, 1007, 1010, 1120, 1080, 1040, 1073, 1038, 1023, 1067, 1018, 1077, 1029, 1015, 1017, 1099, 1094, 1050, 1034, 1055, 1000, 1031, 1021, 1124, 1079, 1071, 1122, 1086, 1051, 1085, 1052, 1008, 1056, 1070, 1109, 1088, 1114, 1081, 1083, 1072, 987, 1060, 1111, 1001, 999, 1020, 990, 1036, 1110, 1061, 1013, 1098, 1062, 1003, 1047, 1103, 986, 1092, 1005, 1035, 1002, 1026, 1012, 1024, 989, 1019, 1087, 1064, 993, 1084, 1118, 1074, 1053, 1045, 1115, 1108, 1123, 1058, 1054, 1082, 997, 992, 1076, 1106, 1028, 1105, 1048, 988, 1065, 1068, 1104, 1004, 1042, 1014, 1117, 1100, 1037, 1046, 1097, 1116, 1093, 1107, 1009, 1057, 1039, 991, 1006, 1090, 1113, 1096, 1091, 1089, 1112, 1049, 1095, 1011, 1102]"
../Other/MTurk_Job_files/mTurkFilesExpt3/Expt3_photo_album_31,"[550, 596, 617, 484, 593, 612, 528, 616, 481, 544, 551, 623, 604, 512, 507, 540, 547, 513, 514, 578, 572, 577, 613, 614, 498, 565, 594, 615, 546, 575, 506, 574, 600, 503, 476, 493, 621, 602, 524, 538, 560, 542, 592, 582, 624, 475, 625, 534, 640, 494, 619, 586, 644, 618, 573, 539, 545, 605, 552, 522, 519, 474, 558, 629, 525, 607, 589, 559, 530, 562, 561, 637, 483, 581, 492, 610, 471, 603, 536, 554, 566, 496, 535, 548, 638, 627, 557, 591, 632, 587, 521, 541, 518, 549, 499, 480, 486, 490, 620, 485, 479, 523, 633, 526, 532, 504, 568, 510, 467, 599, 491, 622, 570, 583, 516, 635, 489, 601, 472, 527, 564, 529, 487, 588, 495, 608, 533, 488, 585, 543, 515, 626, 553, 576, 606, 508, 531, 469, 470, 555, 497, 641, 580, 630, 556, 567, 597, 537, 502, 571, 569, 584, 634, 609, 468, 477, 639, 509, 643, 511, 517, 590, 482, 500, 636, 520, 505, 628, 631, 598, 579, 501, 473, 611, 595, 563, 478, 642]"
../Other/MTurk_Job_files/mTurkFilesExpt3/Expt3_photo_album_65,"[4104, 4391, 4048, 4343, 4303, 4253, 4145, 4137, 4367, 4201, 4172, 4309, 4297, 4215, 4036, 4324, 4338, 4099, 4284, 4196, 4087, 4351, 4285, 4058, 4085, 4052, 4292, 4209, 4044, 4306, 4043, 4263, 4345, 4231, 4376, 4254, 4247, 4358, 4278, 4277, 4162, 4093, 4138, 4205, 4364, 4223, 4356, 4129, 4225, 4348, 4267, 4323, 4245, 4259, 4067, 4326, 4161, 4062, 4212, 4056, 4322, 4328, 4139, 4042, 4041, 4220, 4258, 4184, 4037, 4242, 4276, 4319, 4166, 4126, 4241, 4396, 4359, 4089, 4109, 4211, 4128, 4154, 4362, 4120, 4385, 4233, 4112, 4054, 4269, 4176, 4302, 4197, 4090, 4114, 4035, 4071, 4229, 4390, 4086, 4395, 4179, 4121, 4095, 4382, 4123, 4127, 4332, 4163, 4168, 4061, 4232, 4175, 4365, 4331, 4110, 4226, 4236, 4379, 4257, 4050, 4164, 4246, 4084, 4357, 4344, 4207, 4287, 4178, 4055, 4079, 4394, 4083, 4153, 4198, 4146, 4296, 4159, 4386, 4378, 4305, 4073, 4140, 4234, 4072, 4049, 4111, 4060, 4339, 4165, 4193, 4106, 4270, 4078, 4173, 4275, 4388, 4228, 4157, 4299, 4224, 4064, 4371, 4366, 4134, 4206, 4195, 4341, 4315, 4398, 4057, 4230, 4317, 4098, 4136, 4047, 4243, 4325, 4310, 4213, 4199, 4059, 4200, 4281, 4286, 4069, 4279, 4210, 4261, 4335, 4235, 4115, 4264, 4389, 4381, 4393, 4271, 4169, 4125, 4101, 4113, 4260, 4046, 4158, 4174, 4130, 4076, 4280, 4361, 4118, 4363, 4266, 4077, 4074, 4340, 4053, 4360, 4304, 4108, 4372, 4308, 4307, 4311, 4107, 4370, 4397, 4063, 4177, 4051, 4183, 4289, 4218, 4119, 4327, 4273, 4117, 4217, 4290, 4091, 4301, 4342, 4187, 4185, 4167, 4135, 4380, 4336, 4100, 4368, 4216, 4312, 4039, 4081, 4132, 4321, 4314, 4096, 4152, 4318, 4222, 4131, 4227, 4040, 4237, 4221, 4094, 4105, 4272, 4208, 4240, 4313, 4160, 4116, 4171, 4298, 4252, 4186, 4291, 4316, 4349, 4147, 4204, 4350, 4124, 4170, 4156, 4194, 4320, 4255, 4038, 4268, 4080, 4092, 4274, 4300, 4384, 4202, 4144, 4265, 4294, 4347, 4399, 4369, 4066, 4283, 4383, 4262, 4097, 4088, 4337, 4188, 4075, 4293, 4244, 4034, 4068, 4288, 4045, 4333, 4377, 4133, 4256, 4214, 4295, 4219, 4392, 4065, 4251, 4346, 4203, 4151, 4238, 4122, 4282, 4329, 4330, 4239]"
../Other/MTurk_Job_files/mTurkFilesExpt3/Expt3_photo_album_32,"[7752, 7775, 7774, 7776, 7745, 7755, 7749, 7748, 7767, 7771, 7772, 7760, 7754, 7762, 7769, 7744, 7750, 7757, 7759, 7761, 7746, 7773, 7753, 7758, 7778, 7768, 7756, 7743, 7777, 7764, 7742, 7765, 7763, 7770, 7741, 7766, 7751, 7747, 7779]"
../Other/MTurk_Job_files/mTurkFilesExpt3/Expt3_photo_album_53,"[7299, 7308, 7310, 7301, 7271, 7280, 7347, 7332, 7359, 7261, 7340, 7341, 7324, 7298, 7330, 7353, 7325, 7322, 7286, 7305, 7331, 7259, 7266, 7273, 7335, 7297, 7303, 7316, 7291, 7342, 7306, 7268, 7333, 7328, 7351, 7312, 7285, 7356, 7349, 7313, 7337, 7321, 7311, 7339, 7327, 7354, 7272, 7344, 7338, 7288, 7323, 7275, 7304, 7319, 7358, 7320, 7276, 7317, 7292, 7289, 7287, 7296, 7314, 7295, 7309, 7293, 7290, 7265, 7263, 7274, 7355, 7300, 7277, 7352, 7336, 7260, 7279, 7283, 7334, 7326, 7348, 7346, 7269, 7307, 7278, 7345, 7329, 7262, 7281, 7318, 7267, 7294, 7270, 7264, 7258, 7350, 7315, 7357, 7282, 7343, 7257, 7302, 7284]"
../Other/MTurk_Job_files/mTurkFilesExpt3/Expt3_photo_album_84,"[7286, 7315, 7350, 7339, 7281, 7317, 7264, 7299, 7338, 7355, 7348, 7293, 7260, 7261, 7346, 7307, 7324, 7340, 7328, 7325, 7320, 7344, 7326, 7343, 7262, 7290, 7331, 7266, 7276, 7357, 7313, 7301, 7319, 7327, 7336, 7312, 7335, 7334, 7269, 7351, 7323, 7297, 7359, 7341, 7352, 7284, 7263, 7298, 7287, 7294, 7314, 7310, 7305, 7271, 7292, 7308, 7275, 7273, 7318, 7332, 7303, 7291, 7288, 7347, 7300, 7283, 7296, 7337, 7358, 7316, 7259, 7274, 7268, 7322, 7257, 7333, 7267, 7354, 7277, 7270, 7265, 7311, 7342, 7295, 7304, 7280, 7285, 7330, 7289, 7278, 7306, 7353, 7321, 7258, 7329, 7349, 7356, 7345, 7302, 7309, 7279, 7272, 7282]"
../Other/MTurk_Job_files/mTurkFilesExpt3/Expt3_photo_album_96,"[809, 831, 869, 826, 804, 832, 899, 895, 814, 873, 843, 860, 908, 827, 823, 857, 923, 902, 881, 924, 874, 897, 911, 824, 830, 885, 813, 882, 928, 806, 847, 887, 829, 838, 927, 844, 893, 904, 811, 896, 919, 921, 886, 864, 925, 922, 821, 892, 805, 865, 917, 913, 810, 839, 834, 929, 912, 900, 817, 903, 868, 840, 888, 833, 915, 842, 808, 812, 802, 918, 910, 803, 835, 916, 848, 845, 862, 867, 891, 872, 807, 880, 884, 859, 898, 901, 837, 818, 905, 907, 909, 879, 849, 878, 876, 914, 836, 858, 870, 906, 926, 815, 920, 825, 877, 819, 866, 856, 871, 820, 828, 894, 890, 863, 816, 883, 875, 846, 822, 841, 889, 861]"
../Other/MTurk_Job_files/mTurkFilesExpt3/Expt3_photo_album_34,"[6958, 6984, 7031, 6852, 7027, 7017, 6842, 6925, 7067, 6884, 6947, 6888, 6820, 7024, 6933, 7058, 7065, 6858, 6946, 7064, 6966, 7040, 6924, 6851, 7078, 6971, 6847, 6883, 7008, 6953, 7015, 6975, 6930, 7039, 6916, 7062, 7066, 6987, 7028, 6997, 7012, 6832, 6968, 7025, 6977, 6854, 7070, 7026, 7013, 6957, 6921, 6915, 6969, 6917, 7004, 7075, 6944, 7051, 7055, 7041, 6833, 7029, 6960, 6995, 6864, 6936, 6928, 7003, 6951, 6956, 7089, 7007, 7018, 7002, 7009, 7047, 7036, 7061, 6882, 6986, 6949, 6865, 7071, 7030, 6952, 7059, 6996, 7057, 6887, 6979, 6973, 6938, 6959, 7035, 7076, 6846, 6923, 6843, 6845, 6885, 7046, 6834, 7010, 7020, 6941, 7090, 6835, 6844, 6965, 6841, 7053, 6981, 7072, 7048, 7054, 6859, 7034, 6932, 6940, 6861, 7037, 6850, 7042, 6963, 6839, 6991, 6955, 6926, 6828, 6920, 6918, 6855, 6964, 6961, 6948, 6840, 7043, 6829, 7033, 7081, 7005, 6848, 7000, 6863, 6856, 7077, 6972, 6962, 6838, 6983, 6849, 7038, 6978, 6886, 7087, 6836, 6929, 7006, 7019, 6945, 7049, 6862, 6927, 6990, 7083, 7016, 6830, 6942, 6976, 6988, 6967, 7079, 6935, 7001, 6985, 6837, 7080, 7014, 6931, 7093, 7069, 6943, 7084, 6970, 7056, 6939, 6950, 7021, 6907, 6853, 6989, 7022, 6994, 6860, 6857, 6992, 7085, 6831, 6934, 6993, 7023, 6999, 6919, 7044, 6982, 7063, 7050, 7073, 7074, 6908, 6998, 7060, 7088, 6922, 7052, 6974, 6954, 6937, 7045, 7092, 7082, 7011, 7068, 7091, 7032, 7086, 6980]"
../Other/MTurk_Job_files/mTurkFilesExpt3/Expt3_photo_album_72,"[2893, 2948, 2775, 2784, 2899, 2755, 2850, 2894, 2933, 2866, 2745, 2949, 3058, 2798, 2962, 2905, 2873, 2996, 2943, 2848, 2963, 3007, 2835, 2934, 2988, 2816, 2926, 2790, 2845, 3022, 2922, 2885, 2869, 2770, 2765, 3049, 3006, 2981, 2891, 2758, 3001, 2756, 2888, 2958, 2847, 2987, 2939, 2748, 2802, 3014, 2993, 2931, 2780, 2971, 2880, 3053, 3004, 2818, 2856, 2851, 2953, 2917, 2796, 3002, 2940, 3031, 2906, 2837, 2864, 3032, 3011, 2838, 3045, 2990, 2892, 2854, 3057, 2897, 3051, 2930, 2992, 2840, 2914, 2815, 3018, 2814, 3000, 2925, 2968, 2889, 2954, 2932, 2740, 2887, 2825, 2862, 2915, 2872, 2842, 3030, 2884, 3027, 2806, 2903, 3021, 2997, 3042, 2761, 3046, 3063, 2861, 2817, 3019, 3047, 2767, 2843, 2918, 2793, 2947, 2774, 2744, 2855, 2786, 2766, 3054, 2959, 2788, 2961, 2946, 2878, 3040, 3036, 3056, 2901, 2863, 2874, 2794, 2823, 2762, 2853, 2801, 2860, 2827, 2785, 2895, 2833, 2970, 2912, 2881, 2984, 2982, 2941, 3061, 2768, 2772, 2883, 2830, 2904, 2937, 2960, 3034, 2819, 2924, 2942, 2870, 3044, 3043, 2839, 2759, 2898, 2919, 2877, 2989, 2776, 3039, 3024, 2741, 2852, 2763, 2882, 2813, 2812, 3017, 2902, 2821, 3048, 2808, 2751, 2760, 2956, 2769, 2980, 2754, 2782, 2743, 2836, 2807, 2978, 2795, 2950, 2875, 2844, 2986, 2999, 2809, 2779, 3038, 2983, 2781, 2951, 2797, 3020, 2975, 2752, 2826, 2828, 2955, 3059, 2810, 2921, 2783, 2868, 2920, 3055, 2859, 2977, 2834, 2945, 3012, 3023, 2764, 2773, 3035, 2879, 2969, 3033, 2927, 2849, 2771, 2935, 2871, 2974, 2829, 2973, 2896, 2858, 3037, 3016, 2957, 2811, 2742, 3013, 2979, 2976, 2739, 3062, 2800, 3028, 3029, 2750, 2944, 2994, 2991, 2972, 2757, 2822, 2820, 2846, 2841, 2803, 2805, 2995, 2923, 3050, 3041, 3025, 2831, 2749, 2876, 2832, 2824, 2747, 3010, 2787, 2929, 2799, 2928, 2804, 3060, 2952, 2938, 3052, 3009, 3005, 2890, 2900, 2746, 2936, 2867, 2965, 2967, 2791, 2857, 3008, 3003, 2886, 3026, 2964, 2789, 2753, 2792, 2985, 3015, 2966, 2778, 2777, 2998, 2865, 2913]"
../Other/MTurk_Job_files/mTurkFilesExpt3/Expt3_photo_album_44,"[6198, 6192, 6171, 6203, 6183, 6247, 6194, 6197, 6224, 6232, 6186, 6143, 6178, 6237, 6169, 6145, 6174, 6206, 6245, 6201, 6184, 6208, 6129, 6230, 6182, 6176, 6189, 6179, 6239, 6167, 6177, 6199, 6121, 6156, 6185, 6238, 6205, 6146, 6124, 6123, 6160, 6234, 6244, 6210, 6204, 6122, 6236, 6134, 6235, 6227, 6220, 6125, 6181, 6126, 6141, 6172, 6209, 6148, 6118, 6214, 6180, 6200, 6218, 6132, 6138, 6128, 6246, 6117, 6130, 6252, 6196, 6157, 6120, 6155, 6250, 6188, 6151, 6190, 6154, 6251, 6113, 6175, 6116, 6139, 6193, 6161, 6115, 6119, 6212, 6164, 6217, 6187, 6149, 6163, 6228, 6202, 6207, 6144, 6253, 6165, 6233, 6219, 6216, 6195, 6114, 6226, 6152, 6215, 6158, 6127, 6223, 6136, 6147, 6249, 6231, 6243, 6153, 6131, 6229, 6222, 6162, 6213, 6159, 6140, 6133, 6240, 6168, 6150, 6191, 6248, 6173, 6142, 6170, 6211, 6241, 6137, 6242, 6166, 6135, 6225, 6221]"
../Other/MTurk_Job_files/mTurkFilesExpt3/Expt3_photo_album_91,"[6907, 6938, 7081, 6846, 6861, 6994, 7073, 6887, 6923, 6996, 6833, 6968, 7079, 6973, 6937, 7032, 6941, 7008, 6993, 6885, 6976, 7007, 7042, 6936, 7074, 7086, 7013, 6915, 6884, 6943, 6830, 6958, 6863, 6934, 7030, 7069, 7014, 6975, 6838, 7024, 6957, 7078, 6933, 6998, 6971, 7043, 6853, 7016, 7040, 7027, 6832, 6857, 7023, 7050, 6924, 6919, 6854, 6985, 7019, 6981, 6839, 6972, 6987, 7055, 6946, 6948, 6988, 7066, 6970, 7061, 7048, 6931, 6855, 6836, 7090, 7021, 6850, 7062, 7041, 7082, 7006, 7088, 7071, 6844, 6929, 6848, 6831, 6920, 7083, 6969, 6990, 7063, 6864, 7011, 7084, 7087, 6945, 6940, 7034, 6991, 6849, 6820, 7012, 6962, 6852, 6916, 7054, 6980, 7038, 7031, 6954, 7010, 6927, 7003, 7025, 7020, 7059, 6956, 6952, 7015, 7047, 7089, 6932, 7056, 6860, 7058, 7002, 7037, 7005, 7077, 6960, 6966, 6829, 6837, 6965, 6834, 6926, 6964, 6847, 7026, 6983, 6944, 7064, 7080, 6959, 6935, 6858, 6953, 6984, 7057, 7076, 6917, 6997, 7022, 6835, 6888, 6921, 6845, 7068, 7051, 7085, 6963, 7033, 6922, 6841, 7049, 7009, 6928, 6977, 6856, 6939, 7039, 6828, 7067, 6955, 7052, 6843, 6908, 7017, 7018, 7072, 7001, 6967, 6989, 6886, 6930, 7065, 7060, 6842, 6883, 6859, 7053, 6979, 7091, 7029, 6942, 6840, 6995, 6978, 7092, 6862, 6986, 6925, 7070, 7046, 6882, 7075, 6947, 6961, 7004, 7000, 7035, 6949, 6851, 6951, 7045, 7044, 7028, 6974, 6982, 7036, 6992, 6918, 6999, 6865, 7093, 6950]"
../Other/MTurk_Job_files/mTurkFilesExpt3/Expt3_photo_album_67,"[253, 307, 235, 168, 189, 162, 125, 170, 205, 238, 154, 134, 193, 329, 319, 123, 344, 327, 200, 227, 192, 169, 202, 272, 328, 306, 282, 290, 166, 330, 343, 291, 320, 265, 219, 180, 225, 259, 151, 128, 286, 321, 339, 161, 124, 234, 335, 146, 312, 305, 287, 266, 173, 195, 228, 232, 220, 175, 131, 165, 214, 264, 283, 276, 296, 233, 126, 119, 144, 236, 118, 284, 247, 229, 250, 150, 274, 132, 116, 207, 278, 223, 188, 159, 152, 187, 186, 268, 237, 293, 285, 316, 245, 322, 215, 110, 210, 241, 270, 172, 115, 317, 299, 280, 269, 262, 174, 271, 298, 209, 199, 179, 302, 338, 333, 203, 252, 301, 156, 216, 267, 185, 171, 248, 300, 311, 257, 120, 309, 345, 177, 340, 315, 198, 127, 318, 164, 303, 139, 158, 331, 337, 218, 258, 155, 117, 230, 222, 281, 163, 137, 182, 313, 249, 308, 294, 275, 194, 208, 325, 260, 190, 136, 148, 273, 336, 157, 314, 292, 226, 184, 251, 243, 176, 246, 130, 279, 254, 153, 196, 332, 147, 140, 204, 197, 201, 324, 133, 121, 112, 295, 213, 231, 334, 113, 221, 135, 191, 183, 288, 240, 263, 138, 206, 277, 142, 242, 108, 160, 107, 111, 149, 109, 217, 141, 310, 105, 212, 341, 244, 256, 297, 145, 178, 255, 261, 239, 129, 342, 167, 181, 211, 304, 323, 224, 326, 106, 289, 122, 114, 143]"
../Other/MTurk_Job_files/mTurkFilesExpt3/Expt3_photo_album_98,"[983, 962, 977, 982, 985, 974, 968, 980, 981, 952, 963, 964, 955, 976, 953, 966, 978, 957, 954, 984, 956, 967, 975, 972, 961, 971, 979, 965, 969, 973]"
../Other/MTurk_Job_files/mTurkFilesExpt3/Expt3_photo_album_36,"[3281, 3212, 3291, 3253, 3279, 3186, 3196, 3289, 3202, 3250, 3238, 3240, 3208, 3215, 3260, 3305, 3245, 3237, 3185, 3265, 3216, 3282, 3247, 3272, 3243, 3221, 3296, 3244, 3217, 3258, 3257, 3228, 3222, 3297, 3233, 3248, 3259, 3199, 3261, 3275, 3210, 3211, 3294, 3197, 3298, 3285, 3226, 3303, 3239, 3300, 3277, 3299, 3241, 3209, 3183, 3284, 3204, 3252, 3301, 3227, 3263, 3273, 3194, 3191, 3205, 3246, 3224, 3256, 3225, 3267, 3292, 3206, 3198, 3201, 3242, 3219, 3195, 3266, 3283, 3262, 3304, 3302, 3213, 3214, 3264, 3268, 3280, 3220, 3229, 3231, 3254, 3274, 3169, 3269, 3295, 3235, 3232, 3288, 3286, 3293, 3223, 3290, 3203, 3236, 3218, 3200, 3234, 3182, 3287, 3184, 3249, 3270, 3207, 3306, 3230, 3251, 3278, 3271, 3187, 3276]"
../Other/MTurk_Job_files/mTurkFilesExpt3/Expt3_photo_album_25,"[1220, 1203, 1185, 1188, 1184, 1197, 1233, 1202, 1208, 1191, 1232, 1201, 1194, 1195, 1234, 1187, 1227, 1211, 1210, 1217, 1226, 1204, 1231, 1215, 1192, 1198, 1221, 1186, 1235, 1213, 1207, 1200, 1205, 1229, 1212, 1214, 1193, 1183, 1216, 1228, 1189, 1225, 1230, 1190, 1209, 1206, 1199, 1196]"
../Other/MTurk_Job_files/mTurkFilesExpt3/Expt3_photo_album_50,"[5767, 5781, 5725, 5723, 5720, 5719, 5691, 5762, 5700, 5742, 5689, 5765, 5777, 5733, 5692, 5716, 5722, 5674, 5702, 5675, 5682, 5671, 5740, 5709, 5760, 5658, 5666, 5706, 5779, 5696, 5773, 5748, 5782, 5743, 5770, 5728, 5766, 5714, 5737, 5672, 5764, 5676, 5673, 5784, 5783, 5735, 5774, 5739, 5744, 5693, 5752, 5663, 5717, 5698, 5761, 5665, 5699, 5687, 5686, 5754, 5685, 5695, 5730, 5715, 5747, 5703, 5751, 5724, 5780, 5768, 5681, 5713, 5731, 5721, 5667, 5732, 5704, 5684, 5680, 5718, 5710, 5755, 5746, 5705, 5708, 5707, 5664, 5734, 5776, 5701, 5772, 5749, 5753, 5677, 5661, 5750, 5729, 5711, 5769, 5727, 5759, 5712, 5657, 5690, 5726, 5668, 5662, 5688, 5736, 5669, 5694, 5741, 5659, 5660, 5670, 5679, 5683, 5756, 5678, 5763, 5745, 5778, 5771, 5738, 5697]"
../Other/MTurk_Job_files/mTurkFilesExpt3/Expt3_photo_album_80,"[5908, 5886, 5881, 5866, 5880, 5878, 6004, 5862, 5926, 6063, 5927, 5986, 5989, 6005, 5978, 5894, 5999, 5884, 5850, 6007, 5907, 5919, 5869, 5942, 6008, 5889, 5935, 5987, 5931, 5910, 5990, 5929, 6061, 5938, 5863, 5892, 6000, 5891, 6003, 5925, 5920, 6006, 6062, 5985, 5885, 5882, 5939, 6002, 5879, 5984, 5861, 5868, 5937, 5893, 5877, 5917, 5883, 5936, 6001, 5867, 5911, 5909, 5983, 5940, 5906, 5934, 5915, 5930, 5916, 5888, 6010, 5890, 5981, 6009, 5941, 5887, 5982, 5864, 5988, 5918]"
../Other/MTurk_Job_files/mTurkFilesExpt3/Expt3_photo_album_23,"[1290, 1289, 1335, 1328, 1332, 1299, 1286, 1293, 1337, 1295, 1282, 1341, 1343, 1325, 1342, 1324, 1316, 1326, 1338, 1305, 1296, 1317, 1292, 1306, 1340, 1301, 1313, 1319, 1283, 1281, 1309, 1308, 1315, 1314, 1303, 1331, 1294, 1320, 1327, 1298, 1304, 1329, 1318, 1339, 1285, 1322, 1288, 1310, 1321, 1307, 1300, 1333, 1323, 1291, 1312, 1284, 1302, 1330, 1311, 1334, 1336, 1297, 1287]"
../Other/MTurk_Job_files/mTurkFilesExpt3/Expt3_photo_album_89,"[5711, 5694, 5701, 5782, 5729, 5728, 5771, 5733, 5776, 5660, 5661, 5678, 5668, 5726, 5714, 5749, 5759, 5715, 5779, 5687, 5721, 5693, 5708, 5752, 5748, 5710, 5734, 5685, 5722, 5706, 5720, 5730, 5777, 5695, 5739, 5659, 5712, 5718, 5703, 5717, 5772, 5735, 5705, 5767, 5781, 5713, 5675, 5770, 5740, 5743, 5702, 5778, 5760, 5686, 5762, 5679, 5669, 5681, 5742, 5680, 5737, 5724, 5755, 5673, 5666, 5664, 5754, 5663, 5750, 5677, 5700, 5692, 5774, 5763, 5698, 5688, 5672, 5765, 5756, 5764, 5682, 5709, 5766, 5684, 5736, 5769, 5732, 5667, 5768, 5696, 5657, 5704, 5780, 5716, 5725, 5662, 5690, 5699, 5727, 5751, 5723, 5731, 5719, 5747, 5783, 5738, 5683, 5671, 5784, 5676, 5745, 5761, 5674, 5665, 5691, 5744, 5697, 5746, 5773, 5689, 5658, 5707, 5753, 5670, 5741]"
../Other/MTurk_Job_files/mTurkFilesExpt3/Expt3_photo_album_86,"[6657, 6525, 6602, 6691, 6464, 6800, 6497, 6472, 6515, 6629, 6699, 6756, 6626, 6537, 6769, 6522, 6627, 6738, 6733, 6609, 6523, 6782, 6466, 6575, 6641, 6509, 6731, 6791, 6684, 6570, 6502, 6718, 6595, 6708, 6490, 6642, 6461, 6730, 6594, 6465, 6624, 6514, 6429, 6660, 6653, 6469, 6651, 6457, 6644, 6508, 6690, 6792, 6529, 6546, 6572, 6503, 6747, 6794, 6499, 6568, 6759, 6786, 6717, 6654, 6789, 6447, 6477, 6444, 6480, 6750, 6787, 6674, 6577, 6658, 6661, 6531, 6585, 6427, 6706, 6584, 6725, 6588, 6748, 6779, 6542, 6538, 6496, 6456, 6640, 6486, 6632, 6434, 6524, 6550, 6702, 6740, 6452, 6438, 6564, 6678, 6453, 6755, 6501, 6677, 6615, 6659, 6596, 6805, 6623, 6603, 6582, 6462, 6541, 6492, 6810, 6790, 6527, 6797, 6646, 6512, 6788, 6705, 6540, 6519, 6795, 6483, 6768, 6574, 6772, 6558, 6671, 6442, 6757, 6532, 6553, 6751, 6670, 6634, 6753, 6777, 6543, 6605, 6431, 6436, 6484, 6798, 6583, 6776, 6470, 6735, 6506, 6487, 6549, 6793, 6743, 6561, 6534, 6571, 6617, 6435, 6454, 6593, 6703, 6760, 6727, 6446, 6505, 6614, 6535, 6655, 6783, 6676, 6643, 6569, 6581, 6533, 6448, 6622, 6761, 6744, 6580, 6528, 6808, 6441, 6686, 6611, 6557, 6672, 6579, 6548, 6734, 6604, 6801, 6763, 6504, 6616, 6696, 6720, 6704, 6639, 6530, 6807, 6673, 6479, 6600, 6621, 6473, 6722, 6455, 6521, 6770, 6439, 6631, 6728, 6482, 6809, 6711, 6726, 6567, 6764, 6694, 6666, 6476, 6437, 6432, 6737, 6754, 6587, 6507, 6517, 6428, 6599, 6576, 6719, 6729, 6774, 6539, 6675, 6709, 6551, 6667, 6485, 6607, 6556, 6547, 6687, 6638, 6565, 6652, 6636, 6589, 6765, 6771, 6511, 6612, 6689, 6566, 6488, 6536, 6628, 6562, 6700, 6713, 6796, 6592, 6648, 6656, 6563, 6510, 6781, 6811, 6766, 6573, 6804, 6679, 6637, 6741, 6552, 6749, 6664, 6451, 6449, 6597, 6723, 6493, 6762, 6620, 6598, 6767, 6698, 6736, 6554, 6518, 6650, 6710, 6681, 6778, 6695, 6590, 6433, 6784, 6498, 6773, 6426, 6460, 6692, 6683, 6500, 6669, 6489, 6606, 6635, 6701, 6555, 6742, 6560, 6645, 6459, 6721, 6520, 6714, 6478, 6467, 6649, 6471, 6724, 6665, 6463, 6613, 6619, 6545, 6752, 6682, 6474, 6450, 6618, 6481, 6780, 6688, 6685, 6494, 6491, 6495, 6803, 6712, 6610, 6633, 6746, 6443, 6440, 6608, 6812, 6625, 6716, 6559, 6430, 6516, 6745, 6732, 6458, 6647, 6785, 6707, 6578, 6544, 6526, 6468, 6662, 6802, 6663, 6586, 6775, 6668, 6513, 6697, 6680, 6475, 6601, 6591, 6758, 6806, 6630, 6445, 6739, 6693, 6715, 6799]"
../Other/MTurk_Job_files/mTurkFilesExpt3/Expt3_photo_album_43,"[7202, 7100, 7187, 7240, 7171, 7178, 7095, 7179, 7167, 7256, 7161, 7206, 7246, 7203, 7163, 7107, 7139, 7133, 7207, 7184, 7239, 7111, 7168, 7165, 7209, 7221, 7231, 7253, 7213, 7241, 7114, 7117, 7141, 7135, 7099, 7214, 7232, 7195, 7196, 7222, 7250, 7105, 7182, 7238, 7197, 7227, 7109, 7097, 7247, 7113, 7159, 7194, 7216, 7188, 7228, 7094, 7164, 7180, 7160, 7183, 7098, 7191, 7255, 7177, 7110, 7233, 7245, 7215, 7198, 7176, 7108, 7119, 7118, 7172, 7243, 7170, 7134, 7129, 7190, 7200, 7226, 7219, 7137, 7212, 7162, 7186, 7116, 7173, 7189, 7136, 7201, 7217, 7112, 7205, 7224, 7181, 7211, 7158, 7169, 7175, 7115, 7254, 7251, 7235, 7138, 7166, 7234, 7242, 7193, 7132, 7174, 7106, 7208, 7101, 7218, 7249, 7220, 7199, 7248, 7237, 7102, 7185, 7230, 7096, 7223, 7244, 7229, 7252, 7204, 7210, 7236, 7103, 7192, 7140, 7225, 7142, 7104]"
../Other/MTurk_Job_files/mTurkFilesExpt3/Expt3_photo_album_38,"[7675, 7551, 7477, 7580, 7537, 7553, 7708, 7615, 7602, 7594, 7471, 7729, 7649, 7510, 7407, 7531, 7453, 7511, 7706, 7632, 7365, 7660, 7366, 7474, 7655, 7490, 7428, 7662, 7608, 7412, 7361, 7482, 7652, 7684, 7640, 7465, 7431, 7449, 7663, 7464, 7421, 7591, 7499, 7546, 7722, 7658, 7375, 7441, 7687, 7438, 7679, 7622, 7609, 7598, 7432, 7711, 7413, 7635, 7690, 7368, 7480, 7595, 7424, 7610, 7386, 7677, 7458, 7578, 7426, 7478, 7689, 7519, 7668, 7696, 7685, 7373, 7669, 7587, 7505, 7661, 7493, 7606, 7447, 7476, 7481, 7697, 7707, 7467, 7726, 7577, 7416, 7444, 7596, 7377, 7572, 7719, 7544, 7414, 7556, 7575, 7638, 7642, 7582, 7443, 7435, 7643, 7483, 7636, 7730, 7534, 7725, 7489, 7514, 7451, 7484, 7455, 7709, 7542, 7437, 7592, 7468, 7494, 7734, 7611, 7654, 7446, 7585, 7646, 7694, 7496, 7657, 7714, 7579, 7589, 7507, 7603, 7574, 7454, 7503, 7671, 7560, 7548, 7647, 7732, 7738, 7735, 7558, 7533, 7637, 7717, 7676, 7599, 7693, 7547, 7561, 7488, 7721, 7487, 7513, 7448, 7475, 7410, 7644, 7538, 7452, 7508, 7588, 7469, 7715, 7445, 7559, 7434, 7597, 7704, 7539, 7536, 7737, 7562, 7463, 7731, 7651, 7665, 7573, 7703, 7634, 7616, 7624, 7723, 7370, 7433, 7648, 7682, 7686, 7702, 7664, 7674, 7393, 7408, 7728, 7459, 7667, 7415, 7581, 7695, 7701, 7720, 7633, 7506, 7371, 7712, 7440, 7550, 7691, 7601, 7436, 7439, 7713, 7678, 7363, 7584, 7656, 7360, 7545, 7392, 7528, 7385, 7429, 7600, 7700, 7430, 7512, 7724, 7485, 7391, 7540, 7733, 7427, 7442, 7419, 7557, 7659, 7566, 7529, 7521, 7479, 7535, 7502, 7374, 7716, 7367, 7500, 7422, 7495, 7411, 7650, 7520, 7576, 7461, 7492, 7670, 7699, 7418, 7672, 7389, 7470, 7460, 7612, 7740, 7372, 7457, 7605, 7563, 7530, 7501, 7405, 7384, 7498, 7604, 7593, 7666, 7532, 7583, 7552, 7417, 7710, 7406, 7404, 7554, 7688, 7394, 7555, 7623, 7472, 7362, 7613, 7425, 7683, 7698, 7621, 7549, 7607, 7681, 7641, 7718, 7590, 7639, 7680, 7491, 7466, 7645, 7473, 7692, 7423, 7736, 7571, 7420, 7504, 7565, 7450, 7376, 7564, 7387, 7497, 7462, 7653, 7509, 7586, 7543, 7369, 7486, 7673, 7739, 7388, 7727, 7705, 7541, 7364, 7456, 7409, 7614]"
../Other/MTurk_Job_files/mTurkFilesExpt3/Expt3_photo_album_75,"[1276, 1275, 1257, 1237, 1278, 1270, 1256, 1264, 1260, 1261, 1247, 1263, 1248, 1250, 1239, 1240, 1253, 1252, 1271, 1258, 1245, 1262, 1249, 1254, 1246, 1266, 1242, 1277, 1280, 1238, 1273, 1279, 1272, 1255, 1268, 1259, 1244, 1251, 1243, 1267, 1269, 1236, 1241, 1274, 1265]"
../Other/MTurk_Job_files/mTurkFilesExpt3/Expt3_photo_album_68,"[3289, 3203, 3276, 3204, 3298, 3304, 3271, 3238, 3245, 3219, 3184, 3169, 3208, 3206, 3202, 3229, 3268, 3221, 3250, 3186, 3248, 3239, 3215, 3197, 3198, 3217, 3185, 3295, 3240, 3262, 3231, 3285, 3274, 3251, 3218, 3213, 3299, 3256, 3233, 3297, 3283, 3269, 3267, 3224, 3249, 3225, 3296, 3281, 3292, 3252, 3273, 3228, 3214, 3227, 3216, 3242, 3291, 3205, 3257, 3272, 3237, 3236, 3258, 3200, 3303, 3226, 3306, 3260, 3235, 3279, 3253, 3209, 3212, 3223, 3270, 3247, 3195, 3246, 3263, 3254, 3286, 3220, 3300, 3194, 3293, 3275, 3287, 3284, 3222, 3266, 3207, 3199, 3230, 3191, 3182, 3294, 3196, 3232, 3234, 3301, 3302, 3288, 3243, 3305, 3187, 3241, 3264, 3261, 3211, 3210, 3259, 3201, 3282, 3244, 3183, 3265, 3277, 3290, 3280, 3278]"
../Other/MTurk_Job_files/mTurkFilesExpt3/Expt3_photo_album_63,"[5434, 5314, 5588, 5493, 5324, 5466, 5363, 5544, 5576, 5371, 5479, 5423, 5354, 5463, 5378, 5313, 5292, 5497, 5619, 5532, 5467, 5578, 5608, 5643, 5649, 5301, 5556, 5284, 5302, 5496, 5461, 5516, 5382, 5475, 5642, 5320, 5518, 5641, 5444, 5391, 5512, 5273, 5333, 5377, 5502, 5585, 5546, 5401, 5636, 5277, 5459, 5531, 5540, 5342, 5648, 5581, 5624, 5310, 5272, 5474, 5507, 5455, 5472, 5449, 5545, 5395, 5361, 5477, 5591, 5337, 5626, 5506, 5503, 5579, 5645, 5372, 5383, 5311, 5568, 5362, 5525, 5612, 5652, 5389, 5340, 5552, 5478, 5637, 5331, 5539, 5380, 5446, 5274, 5312, 5623, 5386, 5547, 5620, 5323, 5543, 5365, 5448, 5350, 5347, 5536, 5385, 5422, 5495, 5549, 5567, 5392, 5425, 5424, 5439, 5393, 5628, 5441, 5304, 5399, 5294, 5480, 5276, 5348, 5281, 5364, 5535, 5554, 5614, 5306, 5555, 5484, 5644, 5572, 5508, 5376, 5375, 5522, 5492, 5458, 5550, 5291, 5338, 5297, 5631, 5369, 5278, 5538, 5618, 5400, 5438, 5390, 5559, 5468, 5541, 5589, 5384, 5501, 5587, 5443, 5402, 5305, 5622, 5654, 5316, 5625, 5309, 5290, 5447, 5489, 5303, 5529, 5307, 5523, 5633, 5381, 5373, 5553, 5319, 5582, 5367, 5343, 5499, 5515, 5513, 5352, 5349, 5646, 5452, 5275, 5630, 5396, 5481, 5454, 5494, 5615, 5357, 5335, 5638, 5445, 5370, 5505, 5464, 5519, 5460, 5476, 5356, 5366, 5388, 5465, 5610, 5557, 5616, 5285, 5551, 5526, 5483, 5379, 5482, 5617, 5473, 5611, 5574, 5293, 5635, 5330, 5462, 5359, 5511, 5355, 5329, 5491, 5387, 5590, 5317, 5308, 5300, 5456, 5575, 5288, 5488, 5453, 5346, 5436, 5509, 5358, 5336, 5580, 5442, 5315, 5632, 5609, 5397, 5470, 5368, 5471, 5647, 5569, 5322, 5586, 5651, 5435, 5520, 5332, 5321, 5283, 5570, 5558, 5486, 5524, 5548, 5504, 5517, 5469, 5287, 5498, 5299, 5296, 5640, 5490, 5573, 5485, 5325, 5533, 5527, 5280, 5534, 5318, 5326, 5450, 5530, 5514, 5584, 5528, 5583, 5440, 5500, 5510, 5353, 5334, 5344, 5289, 5279, 5374, 5634, 5328, 5339, 5394, 5360, 5398, 5650, 5537, 5613, 5592, 5345, 5286, 5351, 5327, 5457, 5627, 5295, 5426, 5653, 5571, 5577, 5341, 5639, 5421, 5451, 5629, 5282, 5298, 5487, 5542, 5521]"
../Other/MTurk_Job_files/mTurkFilesExpt3/Expt3_photo_album_94,"[1617, 1563, 1596, 1566, 1706, 1475, 1548, 1527, 1694, 1629, 1528, 1708, 1621, 1714, 1717, 1513, 1487, 1668, 1693, 1576, 1666, 1713, 1697, 1641, 1696, 1676, 1586, 1539, 1682, 1569, 1598, 1700, 1577, 1669, 1557, 1639, 1537, 1602, 1647, 1542, 1699, 1651, 1590, 1709, 1482, 1677, 1485, 1608, 1493, 1524, 1661, 1500, 1536, 1533, 1570, 1683, 1670, 1673, 1665, 1573, 1589, 1509, 1551, 1656, 1652, 1567, 1616, 1591, 1520, 1619, 1494, 1510, 1720, 1521, 1556, 1604, 1491, 1517, 1614, 1583, 1594, 1689, 1514, 1638, 1582, 1723, 1653, 1562, 1675, 1481, 1626, 1502, 1613, 1610, 1546, 1581, 1609, 1667, 1607, 1584, 1660, 1579, 1649, 1615, 1674, 1543, 1523, 1654, 1565, 1505, 1702, 1479, 1545, 1685, 1506, 1601, 1679, 1611, 1663, 1703, 1719, 1495, 1658, 1578, 1657, 1595, 1637, 1476, 1671, 1552, 1612, 1519, 1559, 1627, 1572, 1640, 1605, 1701, 1499, 1553, 1477, 1690, 1712, 1618, 1632, 1564, 1588, 1698, 1587, 1718, 1526, 1600, 1688, 1568, 1554, 1540, 1497, 1561, 1575, 1490, 1496, 1504, 1623, 1692, 1648, 1531, 1560, 1508, 1593, 1634, 1633, 1486, 1686, 1655, 1585, 1721, 1678, 1705, 1522, 1558, 1503, 1480, 1489, 1535, 1574, 1518, 1642, 1603, 1711, 1525, 1636, 1488, 1659, 1628, 1507, 1516, 1622, 1515, 1541, 1722, 1680, 1643, 1512, 1635, 1544, 1624, 1625, 1691, 1646, 1599, 1547, 1549, 1555, 1645, 1631, 1478, 1501, 1492, 1710, 1498, 1597, 1684, 1511, 1529, 1620, 1592, 1571, 1550, 1715, 1530, 1606, 1483, 1532, 1672, 1580, 1687, 1707, 1716, 1484, 1695, 1644, 1662, 1538, 1650, 1681, 1534, 1664, 1630, 1704]"
../Other/MTurk_Job_files/mTurkFilesExpt3/Expt3_photo_album_69,"[3460, 3409, 3435, 3365, 3428, 3394, 3352, 3468, 3370, 3440, 3334, 3374, 3414, 3410, 3478, 3438, 3483, 3390, 3399, 3469, 3341, 3458, 3375, 3380, 3448, 3314, 3457, 3323, 3444, 3320, 3484, 3453, 3425, 3356, 3360, 3319, 3467, 3459, 3449, 3332, 3324, 3327, 3481, 3408, 3480, 3358, 3441, 3418, 3354, 3385, 3349, 3326, 3340, 3339, 3442, 3308, 3433, 3353, 3368, 3437, 3402, 3383, 3342, 3343, 3420, 3307, 3351, 3345, 3378, 3371, 3471, 3350, 3424, 3479, 3321, 3407, 3429, 3398, 3372, 3309, 3381, 3366, 3461, 3404, 3316, 3384, 3463, 3391, 3379, 3333, 3431, 3388, 3317, 3313, 3412, 3434, 3347, 3335, 3310, 3403, 3443, 3477, 3397, 3464, 3311, 3482, 3382, 3466, 3446, 3395, 3325, 3376, 3455, 3361, 3456, 3486, 3389, 3312, 3439, 3348, 3454, 3346, 3445, 3413, 3369, 3396, 3436, 3465, 3329, 3400, 3401, 3355, 3427, 3462, 3417, 3315, 3470, 3393, 3416, 3367, 3475, 3430, 3331, 3330, 3485, 3426, 3474, 3357, 3472, 3405, 3415, 3344, 3377, 3337, 3386, 3432, 3392, 3318, 3423, 3422, 3373, 3452, 3363, 3487, 3359, 3328, 3338, 3387, 3473, 3447, 3421, 3411, 3362, 3488, 3364, 3476, 3322, 3406, 3336, 3451, 3419, 3450]"
../Other/MTurk_Job_files/mTurkFilesExpt3/Expt3_photo_album_83,"[5040, 5110, 5060, 5093, 5134, 5033, 5037, 5094, 5059, 5079, 5098, 5118, 5119, 5128, 5106, 5092, 5107, 5067, 5049, 5053, 5043, 5135, 5099, 5083, 5056, 5064, 5065, 5055, 5137, 5129, 5052, 5076, 5058, 5101, 5143, 5054, 5070, 5028, 5131, 5069, 5130, 5080, 5044, 5127, 5032, 5051, 5073, 5088, 5132, 5109, 5078, 5120, 5115, 5112, 5138, 5108, 5114, 5030, 5139, 5087, 5036, 5142, 5077, 5105, 5057, 5041, 5136, 5042, 5061, 5117, 5096, 5034, 5126, 5123, 5100, 5082, 5072, 5046, 5124, 5038, 5086, 5039, 5125, 5111, 5081, 5031, 5085, 5048, 5103, 5068, 5029, 5116, 5071, 5050, 5066, 5045, 5104, 5084, 5141, 5075, 5063, 5140, 5091, 5074, 5133, 5062, 5047, 5035, 5095, 5089, 5113, 5121, 5122, 5097, 5102, 5090]"
../Other/MTurk_Job_files/mTurkFilesExpt3/Expt3_photo_album_3,"[470, 532, 568, 492, 520, 479, 484, 573, 549, 505, 588, 487, 615, 597, 517, 616, 594, 620, 624, 513, 631, 469, 614, 548, 561, 613, 593, 489, 543, 639, 546, 482, 535, 512, 579, 544, 554, 609, 632, 569, 518, 531, 612, 534, 475, 628, 578, 481, 580, 496, 486, 598, 587, 583, 553, 478, 547, 563, 530, 467, 617, 495, 570, 592, 552, 601, 477, 551, 521, 566, 606, 498, 596, 574, 474, 539, 560, 497, 605, 542, 638, 642, 621, 537, 499, 476, 556, 519, 643, 644, 626, 488, 582, 590, 527, 541, 611, 506, 511, 604, 567, 515, 504, 528, 576, 558, 468, 525, 480, 494, 507, 473, 623, 584, 559, 526, 585, 514, 529, 636, 516, 483, 633, 501, 591, 577, 610, 625, 545, 491, 607, 510, 524, 550, 490, 641, 640, 536, 635, 608, 472, 603, 586, 634, 523, 572, 571, 471, 555, 630, 599, 637, 533, 575, 581, 485, 502, 629, 619, 557, 600, 589, 509, 622, 538, 503, 508, 565, 562, 522, 493, 618, 540, 500, 564, 595, 627, 602]"
../Other/MTurk_Job_files/mTurkFilesExpt3/Expt3_photo_album_74,"[4930, 4885, 4921, 4916, 4893, 4900, 4917, 4913, 4883, 4907, 4904, 4905, 4892, 4910, 4947, 4869, 4870, 4903, 4948, 4878, 4915, 4894, 4949, 4901, 4941, 4938, 4933, 4925, 4899, 4945, 4934, 4914, 4902, 4929, 4918, 4951, 4943, 4895, 4897, 4877, 4898, 4931, 4935, 4940, 4868, 4875, 4936, 4920, 4876, 4872, 4873, 4937, 4906, 4884, 4891, 4944, 4880, 4922, 4932, 4939, 4919, 4879, 4896, 4942, 4952, 4908, 4874, 4871, 4886, 4911, 4927, 4888, 4924, 4950, 4890, 4889, 4912, 4923, 4946, 4926, 4882, 4887, 4909, 4928, 4881]"
../Other/MTurk_Job_files/mTurkFilesExpt3/Expt3_photo_album_78,"[5803, 5809, 5824, 5802, 5814, 5817, 5822, 5795, 5805, 5793, 5797, 5816, 5806, 5811, 5794, 5810, 5801, 5804, 5815, 5813, 5792, 5796, 5799, 5798, 5808, 5807, 5800, 5823, 5812]"
../Other/MTurk_Job_files/mTurkFilesExpt3/Expt3_photo_album_60,"[2792, 2937, 2890, 2952, 2749, 3006, 2786, 3033, 3042, 2827, 2932, 2958, 2824, 2850, 2830, 2770, 2761, 2862, 2839, 2973, 2938, 2906, 2784, 2836, 3020, 3054, 3012, 2919, 2794, 2844, 3040, 3019, 2947, 2822, 3051, 2803, 2986, 3048, 2881, 2780, 3056, 2766, 3036, 2898, 2888, 2990, 2980, 2859, 2751, 2899, 2966, 2969, 2891, 2979, 2896, 3017, 2901, 3057, 3062, 2968, 2775, 3053, 3060, 2763, 2847, 2764, 2795, 2974, 2925, 2993, 2806, 2760, 2739, 2846, 2819, 2842, 2869, 2923, 2939, 2858, 3014, 2829, 2873, 2765, 2949, 2815, 2856, 2893, 3052, 3002, 2864, 2963, 3013, 2814, 2915, 2989, 2924, 2788, 3003, 2905, 2802, 2768, 2825, 2930, 2875, 2880, 2956, 2853, 2978, 2831, 2981, 2845, 2983, 2970, 2776, 3005, 2828, 2857, 2929, 2940, 2886, 2977, 2946, 2762, 2783, 2982, 2843, 2804, 2752, 2941, 3028, 2936, 2817, 3008, 2950, 2811, 2807, 2835, 2744, 3047, 2777, 3027, 2870, 2960, 3063, 2801, 2913, 2987, 2887, 2975, 2884, 3026, 3058, 3029, 3046, 2863, 2897, 2988, 2903, 3041, 3009, 2753, 2800, 2851, 2782, 2759, 2918, 2820, 2868, 2823, 2867, 2860, 2757, 2902, 2745, 2805, 3045, 2926, 2812, 2874, 2997, 3001, 2985, 2755, 2892, 2865, 2928, 2758, 2813, 2832, 2808, 3024, 3022, 3000, 2818, 2943, 3055, 2778, 2855, 2912, 2900, 3037, 2849, 2957, 3032, 2883, 2885, 2955, 2876, 2921, 2785, 2991, 2772, 2774, 2917, 3031, 2933, 2992, 3035, 3039, 2879, 2995, 2889, 2771, 2754, 2852, 2821, 2935, 2914, 2959, 2741, 2961, 2922, 2793, 3034, 3059, 2920, 2948, 2984, 2965, 3050, 2742, 2964, 2773, 2791, 2878, 2750, 2931, 2895, 2838, 3030, 2994, 2872, 2790, 2854, 3007, 2996, 2833, 2740, 2810, 2953, 3044, 2877, 2809, 3018, 3038, 2894, 2944, 2951, 2798, 3021, 3011, 2866, 2848, 2781, 2934, 2748, 2942, 2971, 2976, 2871, 2756, 2743, 3043, 2767, 2747, 2796, 2840, 3004, 3015, 3049, 2787, 2967, 2779, 2882, 2962, 2998, 2945, 2746, 2837, 2816, 2769, 2904, 3061, 3016, 3023, 2826, 2841, 2954, 2789, 2927, 2999, 2972, 2799, 3010, 2834, 3025, 2861, 2797]"
../Other/MTurk_Job_files/mTurkFilesExpt3/Expt3_photo_album_95,"[365, 353, 386, 402, 381, 401, 370, 395, 368, 372, 399, 374, 358, 354, 404, 351, 394, 375, 406, 403, 349, 407, 373, 400, 377, 389, 393, 405, 392, 346, 362, 387, 376, 397, 398, 382, 384, 359, 366, 396, 369, 348, 360, 357, 383, 355, 378, 367, 390, 371, 364, 363, 347, 350, 391, 361, 380, 379, 385, 352, 388, 356]"
../Other/MTurk_Job_files/mTurkFilesExpt3/Expt3_photo_album_61,"[7767, 7751, 7744, 7779, 7761, 7749, 7747, 7760, 7743, 7770, 7777, 7756, 7741, 7752, 7765, 7775, 7773, 7764, 7766, 7771, 7758, 7772, 7759, 7753, 7763, 7778, 7769, 7755, 7748, 7774, 7742, 7757, 7754, 7776, 7746, 7750, 7745, 7762, 7768]"
../Other/MTurk_Job_files/mTurkFilesExpt3/Expt3_photo_album_52,"[5098, 5120, 5054, 5076, 5100, 5108, 5105, 5055, 5133, 5036, 5044, 5068, 5056, 5088, 5043, 5101, 5041, 5029, 5092, 5123, 5126, 5089, 5064, 5084, 5070, 5065, 5057, 5122, 5094, 5102, 5128, 5140, 5060, 5143, 5039, 5107, 5130, 5073, 5052, 5067, 5138, 5134, 5116, 5132, 5028, 5142, 5119, 5110, 5082, 5086, 5127, 5083, 5136, 5080, 5079, 5118, 5051, 5046, 5139, 5048, 5075, 5035, 5037, 5059, 5066, 5069, 5093, 5087, 5061, 5058, 5103, 5124, 5071, 5034, 5072, 5131, 5111, 5121, 5117, 5104, 5091, 5085, 5033, 5125, 5045, 5031, 5038, 5097, 5081, 5114, 5137, 5050, 5032, 5063, 5099, 5078, 5042, 5106, 5135, 5074, 5096, 5115, 5062, 5109, 5049, 5141, 5053, 5090, 5030, 5040, 5095, 5112, 5129, 5113, 5077, 5047]"
../Other/MTurk_Job_files/mTurkFilesExpt3/Expt3_photo_album_40,"[7790, 7935, 7973, 7919, 7795, 7888, 7781, 7908, 7990, 7965, 7993, 7827, 7941, 7865, 7936, 7932, 7962, 7911, 7948, 7907, 7875, 7820, 7905, 7862, 7949, 7830, 7953, 7927, 7850, 7916, 7971, 7978, 7835, 7890, 7972, 7819, 7843, 7817, 7798, 7979, 7812, 7921, 7885, 7998, 7876, 7791, 7782, 7914, 7929, 7780, 7805, 7934, 7884, 7915, 7789, 7991, 7829, 7859, 8004, 7833, 7837, 7923, 7800, 7872, 7954, 7958, 7874, 7996, 7951, 7802, 7960, 7871, 7917, 7842, 7854, 7897, 7983, 7855, 7906, 7840, 7992, 7797, 7910, 7959, 7900, 7877, 7982, 7928, 7913, 7922, 7891, 7994, 7889, 7832, 7783, 7846, 7902, 7803, 7963, 7847, 7984, 7794, 7788, 7977, 7822, 7853, 7824, 7987, 7856, 7792, 7895, 7785, 7867, 7945, 7836, 7801, 7975, 8003, 8001, 7804, 7869, 7930, 7873, 7887, 7899, 7957, 7809, 7952, 7786, 7784, 7947, 7955, 7880, 7808, 7969, 7838, 7818, 7799, 7946, 7956, 7985, 7851, 7831, 7879, 7939, 7796, 7793, 7860, 7807, 7815, 7870, 7852, 7989, 7881, 7909, 7811, 7988, 7848, 7901, 7924, 7976, 7966, 7980, 7845, 7942, 7814, 7896, 7997, 7904, 7950, 7892, 7986, 8002, 7912, 7849, 7813, 7821, 7878, 7806, 7995, 7868, 7844, 7882, 7810, 7967, 7858, 7926, 7861, 7857, 7933, 7964, 7968, 7826, 7944, 7903, 7839, 7866, 7863, 7894, 7974, 7940, 7981, 7828, 7787, 7864, 7834, 7961, 7898, 7816, 7943, 7823, 7999, 7825, 7937, 7970, 7931, 7886, 7883, 7841, 7938, 7925, 7920, 7893, 7918]"
../Other/MTurk_Job_files/mTurkFilesExpt3/Expt3_photo_album_64,"[6005, 5889, 5925, 5862, 6004, 5978, 5891, 6002, 5883, 5884, 5999, 5926, 5885, 5915, 5866, 5916, 6009, 5986, 6063, 5927, 5939, 5931, 5983, 5882, 5990, 5909, 5911, 5886, 6000, 5890, 5888, 5910, 5893, 5988, 5894, 5982, 5987, 6061, 5935, 5919, 5940, 6010, 5864, 6003, 5985, 6001, 5861, 5877, 5906, 5850, 6006, 5941, 5920, 5984, 5942, 5908, 5936, 5881, 6008, 5918, 5989, 5937, 5981, 5863, 5887, 5892, 5930, 5929, 5868, 5867, 5934, 5880, 5917, 5938, 5869, 6007, 6062, 5878, 5879, 5907]"
../Other/MTurk_Job_files/mTurkFilesExpt3/Expt3_photo_album_85,"[4912, 4944, 4906, 4920, 4946, 4894, 4896, 4936, 4886, 4890, 4895, 4870, 4952, 4941, 4897, 4937, 4947, 4872, 4926, 4898, 4903, 4909, 4932, 4907, 4931, 4935, 4881, 4928, 4900, 4951, 4925, 4922, 4885, 4879, 4933, 4917, 4899, 4921, 4869, 4910, 4868, 4949, 4874, 4929, 4901, 4940, 4883, 4887, 4877, 4927, 4904, 4934, 4884, 4945, 4892, 4889, 4908, 4915, 4882, 4871, 4893, 4913, 4923, 4876, 4888, 4902, 4873, 4875, 4916, 4938, 4924, 4911, 4914, 4942, 4943, 4939, 4948, 4905, 4919, 4930, 4880, 4878, 4918, 4950, 4891]"
../Other/MTurk_Job_files/mTurkFilesExpt3/Expt3_photo_album_8,"[5805, 5809, 5824, 5796, 5817, 5806, 5807, 5823, 5802, 5804, 5797, 5792, 5798, 5793, 5812, 5811, 5803, 5799, 5815, 5795, 5810, 5816, 5800, 5822, 5801, 5808, 5813, 5794, 5814]"
../Other/MTurk_Job_files/mTurkFilesExpt3/Expt3_photo_album_41,"[7311, 7337, 7284, 7334, 7357, 7341, 7313, 7326, 7300, 7335, 7308, 7352, 7331, 7306, 7266, 7260, 7304, 7291, 7259, 7355, 7273, 7349, 7348, 7261, 7309, 7321, 7344, 7275, 7345, 7323, 7340, 7332, 7351, 7280, 7262, 7276, 7270, 7320, 7350, 7310, 7301, 7315, 7346, 7316, 7356, 7322, 7281, 7338, 7269, 7282, 7289, 7319, 7279, 7333, 7292, 7277, 7325, 7329, 7318, 7343, 7278, 7288, 7287, 7267, 7268, 7299, 7263, 7265, 7317, 7330, 7274, 7347, 7294, 7307, 7303, 7339, 7336, 7305, 7354, 7286, 7272, 7297, 7271, 7314, 7359, 7293, 7324, 7264, 7290, 7358, 7296, 7298, 7342, 7258, 7327, 7285, 7328, 7257, 7353, 7295, 7302, 7312, 7283]"
../Other/MTurk_Job_files/mTurkFilesExpt3/Expt3_photo_album_70,"[6678, 6494, 6788, 6617, 6480, 6793, 6784, 6679, 6808, 6564, 6528, 6498, 6429, 6775, 6683, 6802, 6800, 6710, 6712, 6504, 6483, 6792, 6592, 6443, 6516, 6473, 6612, 6463, 6621, 6773, 6532, 6741, 6548, 6718, 6538, 6642, 6779, 6503, 6760, 6701, 6568, 6428, 6586, 6690, 6536, 6517, 6737, 6533, 6608, 6657, 6452, 6681, 6502, 6665, 6745, 6581, 6477, 6652, 6703, 6727, 6721, 6807, 6492, 6594, 6723, 6766, 6525, 6717, 6524, 6555, 6675, 6430, 6663, 6720, 6739, 6688, 6432, 6699, 6465, 6603, 6611, 6426, 6541, 6697, 6673, 6671, 6733, 6609, 6544, 6570, 6591, 6780, 6634, 6539, 6601, 6580, 6457, 6812, 6750, 6751, 6545, 6770, 6537, 6543, 6648, 6749, 6655, 6527, 6542, 6618, 6778, 6762, 6635, 6511, 6803, 6496, 6561, 6478, 6551, 6547, 6441, 6515, 6684, 6771, 6460, 6446, 6497, 6509, 6811, 6596, 6573, 6519, 6786, 6705, 6563, 6495, 6781, 6469, 6556, 6526, 6725, 6447, 6546, 6595, 6644, 6569, 6810, 6575, 6714, 6759, 6431, 6508, 6493, 6804, 6600, 6438, 6481, 6501, 6499, 6761, 6574, 6647, 6662, 6674, 6616, 6782, 6554, 6682, 6651, 6685, 6645, 6707, 6531, 6631, 6698, 6772, 6485, 6787, 6451, 6656, 6577, 6677, 6472, 6700, 6606, 6774, 6450, 6669, 6729, 6458, 6763, 6806, 6471, 6488, 6754, 6736, 6805, 6553, 6732, 6599, 6794, 6767, 6660, 6791, 6610, 6461, 6507, 6620, 6687, 6433, 6514, 6716, 6743, 6510, 6785, 6694, 6455, 6486, 6529, 6523, 6667, 6585, 6748, 6646, 6475, 6692, 6632, 6693, 6686, 6735, 6672, 6715, 6491, 6637, 6434, 6636, 6453, 6583, 6490, 6622, 6597, 6588, 6479, 6661, 6454, 6535, 6449, 6605, 6520, 6728, 6445, 6436, 6706, 6797, 6462, 6742, 6746, 6658, 6482, 6768, 6734, 6765, 6752, 6691, 6557, 6726, 6487, 6444, 6614, 6626, 6593, 6789, 6567, 6640, 6638, 6456, 6590, 6649, 6442, 6783, 6466, 6550, 6777, 6623, 6625, 6448, 6689, 6589, 6584, 6790, 6572, 6668, 6427, 6799, 6695, 6476, 6798, 6628, 6624, 6464, 6470, 6764, 6801, 6619, 6615, 6530, 6559, 6795, 6587, 6641, 6769, 6653, 6513, 6740, 6607, 6627, 6654, 6709, 6724, 6500, 6560, 6722, 6731, 6522, 6796, 6602, 6676, 6633, 6468, 6708, 6650, 6566, 6579, 6755, 6534, 6598, 6719, 6505, 6474, 6666, 6459, 6506, 6576, 6439, 6629, 6776, 6730, 6809, 6643, 6467, 6613, 6713, 6753, 6659, 6512, 6711, 6747, 6440, 6704, 6604, 6744, 6558, 6757, 6702, 6756, 6696, 6630, 6565, 6549, 6484, 6639, 6437, 6571, 6664, 6562, 6552, 6578, 6680, 6758, 6540, 6670, 6518, 6521, 6738, 6489, 6435, 6582]"
../Other/MTurk_Job_files/mTurkFilesExpt3/Expt3_photo_album_51,"[1275, 1236, 1255, 1244, 1270, 1258, 1245, 1267, 1261, 1264, 1260, 1257, 1265, 1240, 1272, 1276, 1238, 1254, 1273, 1246, 1271, 1241, 1279, 1268, 1243, 1250, 1237, 1249, 1253, 1266, 1263, 1278, 1239, 1251, 1259, 1256, 1252, 1242, 1269, 1280, 1274, 1277, 1247, 1262, 1248]"
../Other/MTurk_Job_files/mTurkFilesExpt3/Expt3_photo_album_16,"[2784, 2748, 2798, 2739, 2856, 2789, 2801, 3056, 2864, 2925, 2761, 3029, 3016, 2961, 3025, 2823, 2988, 3012, 2962, 2969, 2959, 3045, 2943, 2805, 2952, 2826, 3058, 2747, 2822, 2980, 3004, 2859, 3020, 2881, 3010, 3011, 2995, 2932, 2971, 3047, 3038, 2902, 2922, 2873, 2996, 2886, 2944, 2847, 2930, 2890, 2884, 3052, 2921, 3001, 2942, 2783, 2966, 3005, 2915, 2788, 3013, 2854, 2887, 2918, 2994, 2869, 2871, 2941, 2985, 2872, 2766, 2892, 2956, 2947, 2855, 2953, 2951, 2991, 3022, 2958, 2796, 3003, 3017, 2762, 2900, 2974, 2845, 2792, 2777, 2888, 3033, 2812, 2778, 2851, 3041, 2752, 2772, 2906, 2957, 2939, 2800, 3040, 2853, 2990, 2763, 3037, 2829, 2802, 2894, 2793, 2806, 2759, 2982, 2834, 2960, 2753, 2811, 3046, 2745, 2769, 2782, 2976, 2767, 2898, 2740, 2807, 2901, 3039, 2765, 2880, 3030, 2929, 3053, 3051, 3027, 2885, 3028, 2837, 3060, 2817, 3063, 2850, 2895, 2912, 2741, 2933, 2972, 2863, 3018, 3055, 2838, 2940, 2950, 2877, 3006, 2840, 2813, 2758, 2981, 3062, 2814, 3043, 2964, 2750, 3050, 2755, 2954, 2949, 2744, 2790, 3054, 2776, 2946, 2795, 2865, 2874, 2983, 2935, 2860, 2803, 2858, 2779, 3044, 3031, 2842, 2878, 3035, 2967, 2768, 2846, 3048, 2926, 3007, 2780, 3014, 2824, 3059, 2936, 3036, 2876, 2820, 2973, 2955, 2746, 2999, 2756, 2781, 3042, 2993, 2852, 3000, 2937, 2770, 2984, 2868, 2948, 2931, 2839, 2867, 3024, 2819, 2987, 2919, 2844, 2970, 2799, 2743, 2825, 2794, 2830, 2827, 2771, 2787, 2862, 3008, 3057, 2914, 3015, 2742, 2870, 2875, 2774, 2751, 3026, 2754, 3002, 2963, 2861, 2857, 3023, 2866, 2992, 3009, 2975, 2879, 2979, 2775, 2986, 2965, 2791, 2998, 2904, 2945, 2938, 2821, 2882, 2923, 2760, 2833, 2773, 2810, 2899, 2749, 2896, 2818, 2917, 2828, 2905, 2927, 2848, 2815, 2785, 2903, 2977, 2883, 2808, 3049, 2757, 3019, 3034, 2809, 2913, 2893, 2997, 2764, 2934, 2924, 2849, 2835, 2816, 2897, 2968, 3021, 2832, 2891, 2920, 3032, 3061, 2831, 2804, 2843, 2989, 2928, 2786, 2841, 2978, 2889, 2836, 2797]"
../Other/MTurk_Job_files/mTurkFilesExpt3/Expt3_photo_album_93,"[4813, 4843, 4804, 4823, 4836, 4851, 4816, 4841, 4826, 4818, 4814, 4828, 4850, 4821, 4808, 4794, 4805, 4852, 4812, 4815, 4825, 4844, 4807, 4835, 4831, 4845, 4796, 4800, 4797, 4848, 4842, 4827, 4834, 4840, 4799, 4833, 4839, 4811, 4819, 4837, 4830, 4801, 4802, 4817, 4806, 4798, 4822, 4809, 4795, 4849, 4832, 4854, 4824, 4838, 4820, 4855, 4803, 4829, 4810, 4846, 4847, 4853]"
../Other/MTurk_Job_files/mTurkFilesExpt3/Expt3_photo_album_21,"[7511, 7641, 7460, 7369, 7726, 7425, 7677, 7562, 7648, 7716, 7729, 7550, 7687, 7686, 7520, 7540, 7644, 7428, 7602, 7692, 7491, 7424, 7534, 7419, 7701, 7671, 7463, 7488, 7416, 7670, 7408, 7538, 7642, 7740, 7464, 7578, 7696, 7362, 7653, 7654, 7588, 7649, 7452, 7721, 7513, 7643, 7448, 7601, 7470, 7613, 7639, 7593, 7554, 7691, 7544, 7734, 7548, 7636, 7577, 7730, 7468, 7699, 7455, 7693, 7489, 7501, 7552, 7410, 7521, 7409, 7705, 7420, 7497, 7426, 7640, 7439, 7738, 7676, 7561, 7646, 7411, 7586, 7436, 7478, 7535, 7685, 7672, 7392, 7546, 7585, 7723, 7385, 7444, 7665, 7477, 7367, 7417, 7582, 7680, 7492, 7557, 7587, 7724, 7707, 7704, 7702, 7456, 7508, 7442, 7603, 7551, 7547, 7623, 7580, 7689, 7541, 7394, 7458, 7607, 7645, 7462, 7595, 7486, 7732, 7366, 7393, 7667, 7715, 7697, 7407, 7483, 7573, 7495, 7432, 7509, 7708, 7389, 7638, 7571, 7611, 7370, 7710, 7605, 7650, 7722, 7514, 7651, 7656, 7469, 7480, 7360, 7655, 7446, 7647, 7519, 7566, 7560, 7500, 7438, 7471, 7735, 7404, 7405, 7690, 7728, 7368, 7429, 7622, 7484, 7575, 7499, 7589, 7657, 7637, 7449, 7414, 7633, 7507, 7451, 7737, 7659, 7422, 7461, 7604, 7565, 7706, 7683, 7609, 7592, 7457, 7502, 7719, 7465, 7608, 7529, 7375, 7624, 7725, 7688, 7528, 7553, 7666, 7441, 7530, 7454, 7712, 7559, 7558, 7376, 7450, 7594, 7421, 7674, 7713, 7610, 7612, 7597, 7679, 7384, 7660, 7388, 7549, 7427, 7684, 7576, 7363, 7669, 7709, 7440, 7365, 7668, 7694, 7498, 7377, 7590, 7481, 7583, 7418, 7386, 7681, 7482, 7634, 7545, 7415, 7574, 7374, 7564, 7682, 7490, 7487, 7453, 7720, 7675, 7474, 7373, 7496, 7733, 7475, 7600, 7476, 7695, 7445, 7364, 7718, 7459, 7717, 7555, 7536, 7361, 7616, 7512, 7387, 7531, 7700, 7423, 7739, 7731, 7510, 7412, 7606, 7591, 7434, 7533, 7662, 7542, 7556, 7430, 7572, 7537, 7563, 7493, 7406, 7598, 7539, 7435, 7532, 7635, 7661, 7673, 7596, 7472, 7581, 7579, 7584, 7467, 7703, 7371, 7664, 7447, 7506, 7678, 7727, 7504, 7479, 7494, 7543, 7663, 7372, 7736, 7466, 7614, 7599, 7615, 7711, 7433, 7698, 7632, 7485, 7443, 7503, 7658, 7505, 7473, 7714, 7652, 7391, 7621, 7413, 7431, 7437]"
../Other/MTurk_Job_files/mTurkFilesExpt3/Expt3_photo_album_28,"[7265, 7303, 7353, 7282, 7260, 7326, 7345, 7262, 7329, 7259, 7276, 7266, 7274, 7281, 7270, 7346, 7279, 7337, 7284, 7277, 7328, 7318, 7320, 7342, 7261, 7333, 7358, 7267, 7286, 7335, 7336, 7315, 7299, 7293, 7268, 7321, 7296, 7309, 7323, 7278, 7348, 7275, 7308, 7356, 7355, 7289, 7319, 7294, 7300, 7263, 7338, 7287, 7339, 7359, 7295, 7317, 7314, 7351, 7322, 7311, 7327, 7271, 7272, 7301, 7292, 7290, 7306, 7344, 7343, 7269, 7288, 7352, 7257, 7302, 7285, 7325, 7283, 7350, 7340, 7273, 7341, 7330, 7297, 7312, 7347, 7349, 7291, 7258, 7307, 7357, 7264, 7332, 7310, 7354, 7316, 7331, 7298, 7304, 7280, 7334, 7324, 7313, 7305]"
../Other/MTurk_Job_files/mTurkFilesExpt3/Expt3_photo_album_76,"[7743, 7769, 7768, 7746, 7773, 7772, 7747, 7751, 7763, 7756, 7762, 7767, 7764, 7775, 7774, 7761, 7760, 7765, 7749, 7758, 7752, 7766, 7742, 7744, 7779, 7777, 7757, 7778, 7753, 7759, 7755, 7745, 7750, 7748, 7776, 7771, 7754, 7770, 7741]"
../Other/MTurk_Job_files/mTurkFilesExpt3/Expt3_photo_album_10,"[540, 565, 592, 518, 537, 526, 620, 503, 478, 544, 642, 554, 572, 641, 498, 571, 575, 552, 604, 626, 564, 581, 558, 500, 506, 563, 516, 477, 621, 606, 470, 480, 527, 528, 486, 559, 603, 608, 613, 632, 502, 584, 600, 587, 485, 617, 599, 618, 487, 538, 493, 519, 591, 521, 579, 546, 614, 588, 522, 481, 520, 525, 589, 573, 555, 476, 524, 499, 515, 479, 601, 508, 576, 532, 625, 557, 539, 638, 492, 619, 509, 473, 636, 548, 556, 531, 630, 637, 585, 562, 541, 610, 596, 574, 607, 504, 566, 611, 491, 639, 567, 497, 550, 467, 511, 598, 580, 586, 543, 501, 549, 643, 488, 529, 624, 484, 609, 616, 602, 475, 582, 472, 490, 570, 523, 545, 605, 615, 510, 482, 627, 577, 612, 547, 494, 593, 551, 578, 644, 534, 640, 512, 542, 633, 533, 474, 513, 496, 469, 507, 628, 495, 629, 622, 590, 536, 471, 561, 569, 583, 489, 553, 535, 623, 505, 568, 634, 635, 514, 631, 595, 530, 483, 468, 594, 560, 517, 597]"
../Other/MTurk_Job_files/mTurkFilesExpt3/Expt3_photo_album_19,"[46, 29, 104, 38, 17, 31, 42, 7, 68, 43, 81, 30, 47, 69, 82, 59, 37, 94, 39, 66, 62, 11, 5, 49, 102, 80, 2, 101, 100, 35, 67, 89, 23, 22, 61, 33, 96, 25, 65, 51, 14, 76, 19, 18, 53, 45, 9, 75, 71, 97, 32, 44, 73, 6, 83, 52, 63, 1, 21, 98, 8, 70, 58, 16, 60, 92, 41, 95, 57, 55, 26, 4, 85, 78, 34, 88, 50, 74, 79, 12, 15, 72, 13, 3, 87, 99, 27, 90, 10, 24, 48, 56, 93, 36, 84, 40, 103, 64, 20, 77, 28, 54, 86, 91]"
../Other/MTurk_Job_files/mTurkFilesExpt3/Expt3_photo_album_9,"[4456, 4634, 4563, 4785, 4493, 4434, 4654, 4727, 4548, 4777, 4521, 4478, 4416, 4512, 4405, 4555, 4541, 4524, 4419, 4508, 4753, 4468, 4551, 4768, 4648, 4659, 4788, 4647, 4492, 4436, 4571, 4536, 4629, 4749, 4715, 4414, 4496, 4428, 4755, 4415, 4687, 4746, 4686, 4767, 4669, 4602, 4736, 4705, 4406, 4741, 4458, 4591, 4677, 4761, 4712, 4585, 4660, 4523, 4742, 4739, 4627, 4533, 4540, 4570, 4729, 4682, 4633, 4531, 4401, 4566, 4579, 4547, 4515, 4728, 4593, 4765, 4534, 4716, 4581, 4769, 4464, 4652, 4784, 4452, 4557, 4486, 4763, 4539, 4779, 4655, 4754, 4770, 4644, 4474, 4607, 4786, 4590, 4480, 4495, 4649, 4494, 4538, 4787, 4722, 4641, 4636, 4410, 4720, 4535, 4443, 4792, 4704, 4748, 4782, 4485, 4718, 4664, 4670, 4778, 4738, 4487, 4418, 4586, 4723, 4546, 4675, 4411, 4413, 4448, 4422, 4562, 4679, 4472, 4790, 4549, 4789, 4710, 4673, 4616, 4403, 4774, 4460, 4429, 4730, 4713, 4621, 4433, 4743, 4714, 4442, 4479, 4561, 4773, 4505, 4721, 4594, 4626, 4567, 4511, 4445, 4475, 4632, 4554, 4584, 4724, 4744, 4438, 4455, 4483, 4450, 4603, 4668, 4589, 4544, 4783, 4610, 4466, 4427, 4426, 4430, 4662, 4453, 4568, 4604, 4624, 4560, 4516, 4432, 4556, 4752, 4417, 4619, 4477, 4643, 4635, 4766, 4706, 4628, 4449, 4404, 4439, 4470, 4747, 4726, 4514, 4637, 4666, 4482, 4532, 4772, 4612, 4708, 4461, 4577, 4709, 4781, 4631, 4598, 4465, 4623, 4725, 4408, 4490, 4491, 4502, 4609, 4572, 4681, 4520, 4599, 4674, 4780, 4651, 4582, 4435, 4758, 4518, 4421, 4509, 4791, 4529, 4578, 4510, 4440, 4565, 4573, 4580, 4537, 4605, 4407, 4793, 4457, 4699, 4600, 4528, 4680, 4678, 4596, 4663, 4646, 4451, 4587, 4639, 4685, 4732, 4489, 4618, 4595, 4745, 4412, 4775, 4592, 4734, 4620, 4459, 4499, 4661, 4658, 4751, 4519, 4711, 4671, 4441, 4657, 4717, 4542, 4575, 4481, 4764, 4684, 4553, 4719, 4640, 4707, 4771, 4543, 4601, 4550, 4484, 4513, 4703, 4614, 4437, 4469, 4504, 4574, 4672, 4402, 4463, 4735, 4471, 4576, 4665, 4656, 4617, 4497, 4517, 4630, 4645, 4444, 4467, 4583, 4757, 4527, 4750, 4420, 4400, 4759, 4501, 4431, 4733, 4552, 4447, 4488, 4588, 4425, 4564, 4446, 4526, 4756, 4559, 4615, 4608, 4613, 4776, 4525, 4569, 4454, 4498, 4473, 4667, 4503, 4462, 4507, 4500, 4683, 4423, 4731, 4676, 4597, 4737, 4760, 4606, 4688, 4762, 4506, 4638, 4611, 4409, 4625, 4740, 4622, 4530, 4650, 4424, 4642, 4653, 4545, 4476, 4558]"
../Other/MTurk_Job_files/mTurkFilesExpt3/Expt3_photo_album_73,"[8332, 8334, 8343, 8331, 8347, 8338, 8340, 8327, 8353, 8349, 8321, 8348, 8336, 8323, 8351, 8329, 8325, 8337, 8344, 8350, 8333, 8354, 8328, 8342, 8320, 8330, 8318, 8322, 8341, 8316, 8317, 8335, 8346, 8352, 8315, 8324, 8339, 8345, 8319, 8326]"
../Other/MTurk_Job_files/mTurkFilesExpt3/Expt3_photo_album_62,"[412, 437, 430, 451, 425, 456, 414, 436, 426, 424, 466, 419, 460, 455, 417, 461, 443, 450, 440, 423, 416, 418, 458, 463, 441, 465, 410, 439, 448, 454, 452, 449, 432, 435, 457, 411, 434, 428, 408, 453, 413, 415, 442, 444, 429, 447, 422, 427, 438, 459, 433, 464, 421, 409, 420, 445, 446, 462, 431]"
../Other/MTurk_Job_files/mTurkFilesExpt3/Expt3_photo_album_24,"[2822, 3020, 2963, 2760, 2891, 2847, 2936, 3034, 3023, 3004, 2865, 2811, 2893, 2990, 2973, 2965, 2994, 2758, 2852, 2796, 2947, 2961, 2775, 2863, 2815, 2969, 2838, 2789, 3033, 2953, 2870, 2744, 3044, 2743, 2937, 3018, 2967, 2756, 2798, 2881, 2903, 3058, 2831, 2821, 2943, 2901, 3055, 2785, 2986, 2802, 2894, 2884, 2807, 2917, 2855, 2918, 2988, 2862, 2804, 2817, 3052, 2857, 2940, 3036, 2869, 2989, 2768, 2939, 2896, 2803, 3043, 2886, 3041, 2913, 2995, 2914, 3029, 2832, 2766, 2928, 2786, 2906, 2905, 2779, 3056, 3005, 2856, 2934, 3014, 2753, 2866, 2762, 3024, 3002, 2794, 2946, 2888, 2920, 2799, 2930, 2748, 2828, 2835, 2771, 2982, 2944, 2805, 3025, 2895, 2889, 2900, 2938, 3010, 3032, 2800, 2955, 3016, 2935, 2770, 2964, 2836, 2793, 3000, 2777, 2926, 2871, 2755, 3063, 2750, 2739, 3019, 2996, 2751, 2883, 2830, 2763, 3047, 2834, 2773, 2902, 2742, 2860, 2778, 2945, 2824, 2897, 3021, 3026, 2984, 2958, 2823, 3006, 2948, 2951, 2877, 2974, 2808, 2921, 2740, 3046, 3030, 2875, 2925, 2846, 3001, 2781, 2971, 3015, 2954, 3031, 2858, 2769, 2976, 2919, 2812, 2972, 2962, 2848, 2840, 2956, 3062, 2987, 2898, 2845, 3012, 2810, 3013, 2879, 2849, 2970, 2887, 3059, 2867, 2998, 2839, 2975, 2960, 2932, 2820, 2757, 3040, 2841, 3017, 2992, 2776, 3049, 2952, 2747, 3057, 2774, 2843, 2859, 3011, 3007, 2801, 3022, 2782, 3053, 2924, 2904, 2864, 2827, 2814, 2899, 2915, 3054, 2931, 3048, 2749, 2813, 2968, 2825, 3051, 2783, 2754, 2787, 3027, 2977, 2981, 2980, 2853, 2966, 2861, 2880, 2993, 2942, 2829, 2826, 2854, 3038, 2923, 2809, 3061, 3045, 2882, 2806, 2933, 2745, 3003, 2957, 2780, 3039, 2985, 2890, 2878, 2979, 2941, 3050, 2978, 2874, 2927, 3008, 2746, 3028, 2837, 2833, 2842, 2791, 2816, 2868, 2872, 2950, 2949, 2983, 2851, 2873, 2876, 2850, 2792, 2788, 2929, 2764, 2784, 2759, 2741, 3035, 2752, 2892, 2912, 2844, 2765, 2959, 2997, 3009, 2772, 2819, 2767, 2790, 2922, 2885, 2818, 3060, 3037, 2797, 2991, 2761, 2795, 3042, 2999]"
../Other/MTurk_Job_files/mTurkFilesExpt3/Expt3_photo_album_5,"[1227, 1196, 1185, 1206, 1232, 1194, 1228, 1209, 1208, 1183, 1195, 1217, 1231, 1188, 1202, 1201, 1234, 1229, 1200, 1205, 1192, 1193, 1204, 1230, 1214, 1203, 1199, 1211, 1198, 1215, 1220, 1233, 1225, 1197, 1221, 1235, 1191, 1216, 1187, 1213, 1189, 1186, 1190, 1207, 1226, 1210, 1212, 1184]"
../Other/MTurk_Job_files/mTurkFilesExpt3/Expt3_photo_album_29,"[4940, 4923, 4929, 4885, 4951, 4910, 4896, 4947, 4880, 4927, 4908, 4884, 4941, 4948, 4924, 4903, 4914, 4915, 4928, 4925, 4921, 4889, 4883, 4881, 4870, 4898, 4897, 4920, 4888, 4879, 4872, 4899, 4890, 4926, 4894, 4942, 4939, 4930, 4891, 4944, 4907, 4878, 4936, 4938, 4949, 4909, 4912, 4902, 4946, 4911, 4934, 4933, 4916, 4901, 4882, 4904, 4917, 4873, 4893, 4918, 4913, 4869, 4871, 4952, 4876, 4905, 4922, 4875, 4900, 4950, 4877, 4892, 4932, 4868, 4919, 4935, 4943, 4886, 4874, 4931, 4906, 4887, 4937, 4945, 4895]"
../Other/MTurk_Job_files/mTurkFilesExpt3/Expt3_photo_album_4,"[366, 395, 389, 385, 358, 347, 353, 376, 406, 372, 399, 357, 365, 391, 407, 363, 393, 401, 387, 356, 380, 368, 374, 370, 355, 352, 351, 371, 403, 394, 378, 383, 367, 364, 361, 375, 402, 362, 400, 396, 377, 354, 392, 404, 397, 388, 398, 350, 382, 379, 360, 390, 405, 359, 373, 369, 384, 349, 346, 381, 348, 386]"
../Other/MTurk_Job_files/mTurkFilesExpt3/Expt3_photo_album_97,"[8316, 8351, 8323, 8329, 8340, 8342, 8352, 8317, 8343, 8324, 8341, 8348, 8319, 8337, 8345, 8346, 8328, 8315, 8350, 8333, 8327, 8344, 8354, 8339, 8321, 8325, 8338, 8320, 8318, 8336, 8322, 8326, 8331, 8330, 8335, 8353, 8332, 8334, 8347, 8349]"
../Other/MTurk_Job_files/mTurkFilesExpt3/Expt3_photo_album_18,"[7706, 7533, 7673, 7442, 7427, 7696, 7734, 7376, 7559, 7477, 7698, 7635, 7412, 7503, 7410, 7420, 7369, 7457, 7520, 7441, 7669, 7636, 7731, 7455, 7481, 7664, 7688, 7502, 7464, 7366, 7509, 7504, 7431, 7546, 7563, 7452, 7711, 7722, 7544, 7646, 7564, 7709, 7658, 7557, 7428, 7419, 7467, 7550, 7656, 7717, 7692, 7531, 7415, 7371, 7707, 7440, 7446, 7578, 7495, 7729, 7566, 7571, 7448, 7498, 7589, 7666, 7558, 7435, 7612, 7653, 7476, 7426, 7614, 7549, 7445, 7699, 7732, 7537, 7641, 7681, 7414, 7407, 7372, 7424, 7649, 7685, 7540, 7365, 7416, 7704, 7577, 7444, 7708, 7738, 7466, 7682, 7583, 7391, 7528, 7519, 7572, 7362, 7684, 7595, 7553, 7384, 7478, 7534, 7555, 7648, 7601, 7436, 7702, 7536, 7703, 7490, 7367, 7730, 7594, 7451, 7370, 7677, 7715, 7661, 7417, 7633, 7565, 7454, 7485, 7404, 7487, 7456, 7603, 7575, 7529, 7727, 7438, 7377, 7486, 7510, 7632, 7471, 7389, 7501, 7587, 7429, 7535, 7667, 7439, 7430, 7363, 7482, 7693, 7720, 7643, 7405, 7573, 7655, 7479, 7678, 7726, 7680, 7651, 7634, 7551, 7737, 7713, 7496, 7624, 7561, 7574, 7423, 7689, 7545, 7450, 7598, 7714, 7719, 7606, 7521, 7650, 7679, 7701, 7609, 7472, 7562, 7475, 7676, 7394, 7406, 7386, 7453, 7433, 7670, 7585, 7432, 7602, 7480, 7637, 7647, 7638, 7733, 7541, 7593, 7654, 7373, 7716, 7600, 7506, 7691, 7361, 7474, 7556, 7508, 7687, 7494, 7411, 7469, 7491, 7668, 7592, 7507, 7683, 7548, 7662, 7530, 7723, 7554, 7388, 7622, 7511, 7393, 7413, 7375, 7710, 7735, 7459, 7437, 7493, 7532, 7695, 7422, 7686, 7468, 7443, 7663, 7579, 7484, 7492, 7599, 7539, 7657, 7605, 7645, 7421, 7659, 7608, 7473, 7582, 7505, 7458, 7740, 7500, 7586, 7640, 7718, 7725, 7547, 7447, 7700, 7425, 7460, 7724, 7597, 7652, 7470, 7690, 7616, 7461, 7449, 7621, 7639, 7613, 7697, 7488, 7615, 7489, 7694, 7590, 7672, 7584, 7581, 7499, 7552, 7705, 7611, 7674, 7623, 7364, 7642, 7736, 7497, 7560, 7675, 7374, 7385, 7513, 7543, 7483, 7596, 7409, 7660, 7644, 7418, 7721, 7538, 7514, 7604, 7588, 7591, 7610, 7463, 7665, 7712, 7392, 7728, 7368, 7360, 7580, 7512, 7542, 7387, 7462, 7434, 7607, 7465, 7739, 7671, 7408, 7576]"
../Other/MTurk_Job_files/mTurkFilesExpt3/Expt3_photo_album_42,"[1529, 1484, 1578, 1646, 1615, 1545, 1475, 1483, 1553, 1704, 1531, 1494, 1507, 1499, 1625, 1593, 1670, 1665, 1611, 1534, 1605, 1505, 1596, 1526, 1572, 1535, 1482, 1492, 1503, 1633, 1622, 1590, 1660, 1643, 1708, 1634, 1563, 1668, 1636, 1710, 1690, 1629, 1537, 1518, 1607, 1635, 1478, 1687, 1715, 1657, 1574, 1630, 1711, 1678, 1576, 1689, 1506, 1632, 1702, 1642, 1588, 1544, 1586, 1694, 1550, 1592, 1641, 1638, 1664, 1509, 1480, 1581, 1640, 1495, 1604, 1609, 1580, 1560, 1718, 1490, 1649, 1561, 1543, 1661, 1602, 1618, 1539, 1515, 1511, 1682, 1645, 1703, 1501, 1722, 1579, 1637, 1627, 1554, 1620, 1639, 1567, 1568, 1692, 1557, 1672, 1681, 1536, 1716, 1508, 1680, 1626, 1516, 1709, 1528, 1698, 1699, 1610, 1669, 1676, 1479, 1524, 1613, 1667, 1523, 1617, 1684, 1525, 1564, 1489, 1714, 1701, 1520, 1500, 1519, 1502, 1628, 1656, 1606, 1619, 1497, 1522, 1717, 1601, 1675, 1695, 1532, 1493, 1647, 1713, 1486, 1623, 1595, 1533, 1688, 1556, 1721, 1706, 1517, 1575, 1683, 1562, 1599, 1723, 1597, 1538, 1612, 1504, 1582, 1658, 1686, 1655, 1712, 1487, 1566, 1603, 1513, 1498, 1614, 1491, 1589, 1485, 1552, 1653, 1541, 1481, 1571, 1559, 1540, 1691, 1547, 1555, 1570, 1569, 1674, 1587, 1583, 1573, 1585, 1621, 1697, 1616, 1654, 1496, 1549, 1565, 1542, 1546, 1651, 1650, 1584, 1530, 1677, 1693, 1719, 1521, 1720, 1648, 1644, 1594, 1624, 1705, 1477, 1512, 1600, 1527, 1551, 1659, 1662, 1696, 1707, 1608, 1685, 1591, 1488, 1577, 1548, 1558, 1510, 1476, 1671, 1652, 1666, 1631, 1673, 1700, 1679, 1514, 1663, 1598]"
../Other/MTurk_Job_files/mTurkFilesExpt3/Expt3_photo_album_77,"[230, 175, 244, 183, 237, 179, 249, 153, 315, 210, 149, 201, 329, 195, 294, 285, 242, 312, 154, 252, 282, 108, 146, 208, 250, 229, 162, 337, 120, 303, 241, 342, 223, 322, 148, 268, 306, 157, 272, 178, 188, 301, 267, 138, 308, 129, 207, 269, 317, 126, 232, 116, 213, 180, 333, 276, 233, 300, 113, 142, 219, 127, 275, 259, 160, 273, 123, 204, 239, 137, 186, 253, 168, 198, 265, 298, 341, 155, 225, 255, 166, 243, 318, 224, 106, 266, 109, 307, 169, 150, 270, 130, 141, 163, 295, 261, 202, 181, 132, 158, 305, 174, 214, 240, 218, 211, 220, 191, 143, 217, 228, 311, 291, 177, 215, 327, 262, 304, 343, 281, 264, 161, 331, 251, 283, 238, 165, 339, 172, 334, 286, 124, 280, 209, 288, 184, 274, 221, 309, 325, 297, 292, 248, 263, 310, 200, 187, 133, 118, 193, 336, 111, 260, 277, 246, 320, 324, 314, 319, 257, 340, 196, 235, 167, 344, 110, 134, 145, 171, 234, 284, 296, 151, 147, 236, 164, 289, 226, 105, 203, 139, 112, 182, 278, 212, 290, 302, 117, 199, 330, 316, 279, 156, 332, 271, 107, 136, 197, 185, 135, 176, 170, 122, 258, 313, 323, 205, 194, 247, 335, 115, 121, 128, 227, 144, 321, 159, 152, 125, 119, 192, 345, 328, 245, 326, 206, 299, 131, 338, 173, 287, 216, 114, 293, 222, 190, 231, 189, 256, 254, 140]"
../Other/MTurk_Job_files/mTurkFilesExpt3/Expt3_photo_album_13,"[5989, 6004, 5929, 5910, 5939, 5890, 6063, 5850, 5941, 5915, 5885, 5938, 5880, 5916, 5886, 5919, 5911, 5987, 5894, 6007, 6003, 5927, 5926, 6010, 5887, 5864, 5999, 5917, 5888, 5934, 6006, 5990, 5879, 5920, 6005, 5942, 6002, 5936, 5908, 6001, 5930, 6061, 5937, 5862, 5925, 5982, 5892, 6009, 6062, 5918, 5986, 5881, 5868, 5906, 5891, 5988, 5869, 5889, 5909, 5877, 5978, 6008, 5983, 5935, 5985, 5863, 6000, 5931, 5984, 5878, 5884, 5940, 5867, 5883, 5981, 5893, 5861, 5907, 5866, 5882]"
../Other/MTurk_Job_files/mTurkFilesExpt3/Expt3_photo_album_26,"[5711, 5710, 5773, 5756, 5714, 5689, 5659, 5709, 5700, 5778, 5734, 5663, 5701, 5657, 5705, 5715, 5670, 5726, 5666, 5731, 5692, 5770, 5728, 5673, 5739, 5677, 5776, 5777, 5702, 5672, 5706, 5691, 5703, 5684, 5694, 5722, 5761, 5713, 5783, 5729, 5719, 5704, 5676, 5741, 5772, 5732, 5693, 5781, 5766, 5690, 5697, 5768, 5752, 5686, 5668, 5746, 5664, 5720, 5769, 5780, 5658, 5774, 5749, 5678, 5738, 5742, 5667, 5744, 5716, 5767, 5765, 5737, 5660, 5753, 5727, 5745, 5743, 5683, 5735, 5747, 5679, 5707, 5708, 5695, 5750, 5724, 5674, 5723, 5665, 5755, 5688, 5782, 5680, 5698, 5662, 5784, 5675, 5712, 5696, 5762, 5717, 5682, 5760, 5763, 5681, 5733, 5718, 5771, 5699, 5740, 5764, 5736, 5748, 5669, 5687, 5754, 5751, 5759, 5721, 5685, 5725, 5730, 5661, 5779, 5671]"
../Other/MTurk_Job_files/mTurkFilesExpt3/Expt3_photo_album_90,"[4990, 5000, 4978, 5027, 5008, 5005, 5024, 4966, 4967, 5009, 4976, 4979, 4973, 4992, 5016, 4982, 5025, 4998, 4985, 4970, 4974, 4975, 4987, 4996, 4986, 4988, 5021, 4968, 5010, 4989, 4983, 5011, 4981, 5013, 4969, 5022, 5023, 4993, 5002, 4995, 4977, 5006, 5020, 5019, 5007, 5012, 4991, 5003, 4984, 4997, 4972, 5017, 4999, 5004, 4980, 4971, 5018, 5015, 4994, 5001, 5026, 5014]"
../Other/MTurk_Job_files/mTurkFilesExpt3/Expt3_photo_album_79,"[5074, 5037, 5130, 5094, 5079, 5097, 5135, 5033, 5136, 5113, 5088, 5032, 5138, 5060, 5028, 5048, 5068, 5083, 5095, 5065, 5115, 5109, 5063, 5086, 5092, 5107, 5133, 5055, 5125, 5124, 5089, 5052, 5039, 5129, 5075, 5140, 5034, 5093, 5122, 5112, 5031, 5059, 5118, 5036, 5099, 5117, 5143, 5091, 5067, 5098, 5128, 5096, 5119, 5054, 5061, 5134, 5087, 5080, 5085, 5041, 5070, 5066, 5082, 5069, 5084, 5062, 5139, 5056, 5049, 5077, 5127, 5110, 5078, 5101, 5132, 5106, 5029, 5121, 5142, 5071, 5105, 5047, 5030, 5072, 5137, 5044, 5057, 5073, 5103, 5123, 5035, 5050, 5040, 5120, 5111, 5051, 5090, 5126, 5131, 5114, 5045, 5100, 5043, 5104, 5046, 5102, 5038, 5141, 5076, 5042, 5064, 5116, 5053, 5108, 5081, 5058]"
../Other/MTurk_Job_files/mTurkFilesExpt3/Expt3_photo_album_39,"[4850, 4813, 4824, 4829, 4855, 4797, 4842, 4820, 4848, 4811, 4796, 4843, 4847, 4814, 4810, 4831, 4852, 4800, 4845, 4795, 4812, 4835, 4802, 4817, 4809, 4807, 4846, 4827, 4822, 4854, 4833, 4819, 4808, 4828, 4821, 4798, 4823, 4836, 4830, 4832, 4815, 4844, 4803, 4853, 4818, 4826, 4840, 4838, 4849, 4825, 4806, 4799, 4837, 4841, 4834, 4804, 4801, 4851, 4816, 4794, 4805, 4839]"
../Other/MTurk_Job_files/mTurkFilesExpt3/Expt3_photo_album_46,"[4406, 4405, 4565, 4543, 4448, 4666, 4686, 4596, 4772, 4654, 4626, 4538, 4452, 4526, 4767, 4628, 4455, 4579, 4554, 4668, 4633, 4754, 4750, 4533, 4540, 4486, 4466, 4646, 4512, 4741, 4650, 4670, 4557, 4518, 4555, 4723, 4504, 4558, 4477, 4435, 4667, 4770, 4572, 4707, 4402, 4471, 4622, 4410, 4426, 4546, 4742, 4424, 4729, 4604, 4400, 4669, 4685, 4587, 4661, 4576, 4715, 4627, 4739, 4716, 4752, 4582, 4428, 4445, 4647, 4747, 4616, 4528, 4575, 4566, 4447, 4414, 4473, 4623, 4637, 4642, 4494, 4782, 4550, 4484, 4617, 4725, 4649, 4706, 4778, 4743, 4527, 4441, 4619, 4535, 4563, 4665, 4509, 4784, 4560, 4534, 4712, 4704, 4493, 4709, 4551, 4737, 4498, 4757, 4718, 4660, 4416, 4764, 4632, 4586, 4731, 4684, 4568, 4544, 4758, 4645, 4705, 4610, 4780, 4487, 4789, 4588, 4625, 4676, 4779, 4740, 4488, 4552, 4601, 4425, 4499, 4468, 4787, 4521, 4464, 4570, 4791, 4545, 4474, 4651, 4529, 4403, 4674, 4451, 4710, 4730, 4430, 4777, 4549, 4678, 4478, 4722, 4500, 4439, 4598, 4595, 4631, 4434, 4769, 4536, 4578, 4756, 4476, 4724, 4485, 4719, 4699, 4516, 4608, 4621, 4489, 4411, 4475, 4481, 4746, 4541, 4703, 4592, 4450, 4569, 4462, 4429, 4745, 4440, 4733, 4721, 4590, 4472, 4634, 4548, 4561, 4687, 4514, 4736, 4470, 4663, 4648, 4453, 4580, 4765, 4574, 4508, 4571, 4738, 4599, 4714, 4735, 4775, 4553, 4413, 4422, 4618, 4602, 4749, 4404, 4673, 4511, 4615, 4483, 4671, 4525, 4507, 4659, 4469, 4771, 4559, 4497, 4585, 4774, 4603, 4607, 4520, 4510, 4744, 4495, 4539, 4682, 4768, 4458, 4612, 4479, 4629, 4594, 4675, 4419, 4753, 4583, 4420, 4680, 4531, 4640, 4655, 4788, 4467, 4783, 4657, 4567, 4611, 4591, 4461, 4748, 4630, 4492, 4785, 4436, 4652, 4635, 4609, 4454, 4547, 4641, 4519, 4786, 4597, 4677, 4503, 4732, 4442, 4573, 4584, 4683, 4412, 4482, 4513, 4658, 4776, 4409, 4755, 4638, 4614, 4708, 4401, 4639, 4418, 4501, 4449, 4564, 4417, 4524, 4581, 4460, 4542, 4751, 4562, 4688, 4762, 4792, 4717, 4766, 4759, 4728, 4790, 4681, 4593, 4438, 4459, 4760, 4643, 4465, 4408, 4713, 4653, 4491, 4431, 4720, 4515, 4506, 4577, 4456, 4530, 4679, 4457, 4505, 4407, 4624, 4761, 4613, 4427, 4446, 4734, 4664, 4606, 4605, 4537, 4490, 4556, 4589, 4672, 4600, 4523, 4793, 4781, 4444, 4662, 4517, 4636, 4432, 4727, 4421, 4502, 4656, 4644, 4620, 4463, 4423, 4480, 4763, 4433, 4496, 4773, 4711, 4443, 4726, 4415, 4437, 4532]"
../Other/MTurk_Job_files/mTurkFilesExpt3/Expt3_photo_album_17,"[5806, 5822, 5793, 5809, 5792, 5810, 5807, 5798, 5796, 5824, 5802, 5805, 5812, 5814, 5823, 5800, 5803, 5804, 5811, 5794, 5813, 5799, 5797, 5817, 5816, 5795, 5801, 5815, 5808]"
../Other/MTurk_Job_files/mTurkFilesExpt3/Expt3_photo_album_71,"[2080, 2079, 2064, 2083, 2071, 2070, 2065, 2052, 2055, 2061, 2084, 2066, 2057, 2062, 2072, 2067, 2056, 2059, 2081, 2073, 2082, 2069, 2085, 2058, 2074, 2076, 2078, 2053, 2075, 2051, 2054, 2060, 2063, 2077, 2068]"
../Other/MTurk_Job_files/mTurkFilesExpt3/Expt3_photo_album_59,"[4388, 4335, 4075, 4225, 4265, 4089, 4131, 4124, 4258, 4320, 4244, 4122, 4157, 4160, 4237, 4256, 4341, 4236, 4376, 4366, 4328, 4083, 4092, 4100, 4175, 4205, 4164, 4309, 4168, 4210, 4254, 4154, 4105, 4231, 4275, 4380, 4174, 4065, 4079, 4304, 4261, 4264, 4357, 4242, 4222, 4229, 4077, 4351, 4313, 4213, 4227, 4274, 4288, 4120, 4090, 4243, 4325, 4050, 4054, 4039, 4107, 4037, 4339, 4091, 4067, 4038, 4338, 4385, 4321, 4329, 4350, 4218, 4096, 4299, 4372, 4062, 4194, 4307, 4287, 4099, 4113, 4214, 4073, 4163, 4173, 4259, 4245, 4367, 4211, 4123, 4291, 4139, 4052, 4106, 4144, 4101, 4271, 4305, 4202, 4361, 4140, 4207, 4219, 4377, 4300, 4046, 4198, 4319, 4185, 4358, 4253, 4076, 4200, 4391, 4260, 4064, 4294, 4203, 4241, 4333, 4247, 4324, 4187, 4044, 4179, 4267, 4128, 4278, 4356, 4166, 4297, 4206, 4047, 4283, 4295, 4272, 4085, 4230, 4364, 4129, 4383, 4337, 4286, 4397, 4394, 4138, 4284, 4035, 4315, 4301, 4081, 4041, 4094, 4068, 4135, 4368, 4303, 4184, 4110, 4347, 4183, 4097, 4036, 4398, 4239, 4235, 4389, 4224, 4167, 4246, 4055, 4086, 4263, 4233, 4152, 4071, 4087, 4161, 4378, 4063, 4252, 4146, 4177, 4240, 4317, 4197, 4158, 4393, 4399, 4277, 4069, 4072, 4349, 4322, 4270, 4053, 4390, 4326, 4332, 4215, 4221, 4266, 4048, 4216, 4392, 4059, 4223, 4342, 4127, 4078, 4043, 4045, 4109, 4344, 4134, 4178, 4034, 4114, 4074, 4365, 4306, 4348, 4208, 4220, 4228, 4162, 4116, 4296, 4289, 4170, 4095, 4257, 4201, 4360, 4345, 4268, 4386, 4126, 4293, 4108, 4282, 4362, 4151, 4281, 4121, 4234, 4269, 4153, 4051, 4172, 4308, 4290, 4280, 4058, 4363, 4165, 4112, 4255, 4331, 4311, 4169, 4396, 4066, 4136, 4119, 4251, 4118, 4318, 4273, 4343, 4188, 4330, 4104, 4084, 4130, 4060, 4359, 4133, 4111, 4336, 4369, 4346, 4381, 4279, 4298, 4323, 4132, 4384, 4049, 4209, 4226, 4382, 4285, 4196, 4395, 4057, 4193, 4186, 4232, 4204, 4147, 4156, 4217, 4316, 4176, 4040, 4312, 4159, 4340, 4327, 4042, 4061, 4137, 4314, 4080, 4171, 4238, 4125, 4302, 4195, 4093, 4212, 4262, 4115, 4199, 4088, 4145, 4292, 4117, 4098, 4379, 4056, 4276, 4310, 4371, 4370]"
../Other/MTurk_Job_files/mTurkFilesExpt3/Expt3_photo_album_20,"[865, 845, 922, 826, 918, 822, 829, 915, 899, 856, 806, 821, 874, 929, 889, 917, 894, 809, 903, 817, 846, 906, 803, 864, 875, 816, 866, 858, 823, 838, 919, 912, 901, 832, 814, 905, 880, 893, 834, 859, 879, 867, 908, 881, 924, 836, 891, 914, 892, 837, 812, 897, 913, 833, 868, 910, 824, 813, 819, 830, 927, 804, 805, 898, 902, 872, 802, 843, 890, 887, 904, 840, 888, 807, 900, 911, 885, 820, 923, 896, 860, 926, 882, 857, 920, 925, 907, 849, 870, 871, 839, 847, 876, 831, 884, 909, 844, 808, 886, 862, 818, 895, 873, 810, 842, 883, 869, 863, 928, 828, 825, 835, 848, 811, 916, 921, 878, 841, 815, 827, 861, 877]"
../Other/MTurk_Job_files/mTurkFilesExpt3/Expt3_photo_album_47,"[668, 796, 757, 650, 724, 679, 764, 695, 718, 730, 719, 649, 770, 697, 652, 755, 767, 723, 669, 748, 790, 758, 783, 749, 682, 729, 672, 753, 666, 667, 701, 654, 716, 657, 660, 801, 685, 734, 721, 708, 785, 731, 762, 720, 664, 739, 760, 645, 784, 791, 745, 709, 738, 670, 752, 740, 683, 781, 712, 797, 727, 795, 736, 722, 646, 786, 662, 773, 787, 742, 663, 789, 710, 684, 661, 658, 780, 706, 768, 769, 704, 798, 699, 733, 779, 690, 705, 771, 698, 696, 717, 674, 792, 680, 778, 648, 775, 728, 751, 675, 689, 671, 673, 715, 665, 793, 726, 711, 713, 703, 777, 714, 800, 741, 691, 692, 744, 756, 743, 693, 653, 794, 737, 656, 647, 776, 782, 676, 750, 707, 677, 799, 687, 686, 766, 754, 688, 655, 746, 774, 761, 651, 765, 725, 788, 735, 678, 659, 759, 763, 700, 747, 702, 694, 772, 732, 681]"
../Other/MTurk_Job_files/mTurkFilesExpt3/Expt3_photo_album_12,"[510, 505, 553, 537, 584, 502, 534, 556, 641, 528, 539, 610, 608, 521, 626, 527, 564, 636, 499, 607, 555, 566, 605, 520, 598, 483, 536, 531, 489, 532, 471, 480, 542, 549, 600, 590, 580, 563, 573, 544, 496, 479, 517, 589, 548, 629, 619, 529, 481, 631, 551, 634, 538, 500, 543, 554, 588, 597, 482, 585, 612, 545, 633, 617, 642, 494, 546, 507, 623, 468, 570, 603, 592, 476, 470, 492, 639, 518, 477, 558, 609, 586, 484, 594, 516, 469, 574, 511, 504, 596, 559, 533, 478, 640, 635, 473, 582, 522, 571, 490, 530, 508, 576, 602, 614, 523, 526, 577, 569, 515, 567, 501, 578, 562, 519, 581, 475, 512, 498, 552, 628, 632, 620, 568, 583, 575, 503, 616, 509, 593, 579, 514, 615, 487, 486, 638, 624, 540, 644, 591, 606, 467, 621, 535, 472, 488, 491, 506, 627, 601, 560, 599, 643, 561, 604, 524, 525, 618, 595, 485, 637, 622, 565, 572, 613, 493, 630, 611, 587, 495, 557, 547, 625, 550, 474, 541, 497, 513]"
../Other/MTurk_Job_files/mTurkFilesExpt3/Expt3_photo_album_56,"[538, 562, 470, 570, 622, 637, 569, 527, 511, 557, 539, 471, 529, 581, 589, 517, 550, 515, 475, 498, 473, 537, 505, 544, 610, 532, 523, 534, 554, 472, 510, 564, 563, 588, 615, 598, 632, 600, 595, 509, 504, 609, 576, 624, 503, 641, 499, 487, 526, 560, 483, 604, 635, 546, 573, 599, 469, 508, 559, 541, 522, 514, 536, 618, 603, 497, 617, 501, 494, 640, 490, 530, 547, 531, 488, 636, 623, 568, 553, 643, 611, 558, 580, 606, 619, 633, 520, 491, 585, 479, 602, 484, 567, 492, 644, 485, 629, 528, 548, 467, 579, 551, 605, 561, 480, 474, 625, 571, 552, 607, 556, 518, 524, 634, 578, 476, 626, 477, 587, 555, 592, 631, 496, 621, 478, 545, 582, 639, 601, 540, 613, 575, 620, 481, 597, 533, 630, 596, 577, 572, 542, 628, 521, 642, 493, 495, 616, 502, 612, 549, 586, 565, 593, 468, 516, 590, 525, 627, 591, 489, 482, 574, 608, 519, 535, 638, 486, 594, 584, 500, 566, 583, 506, 513, 512, 614, 507, 543]"
../Other/MTurk_Job_files/mTurkFilesExpt3/Expt3_photo_album_88,"[1791, 2002, 1885, 1801, 1971, 1828, 2007, 1835, 1985, 1965, 2014, 1863, 2010, 2015, 1950, 2029, 1938, 1818, 1974, 1826, 1870, 1942, 1766, 1880, 1874, 1987, 1812, 1959, 1827, 1999, 1969, 1956, 1928, 1978, 1995, 1933, 1825, 1774, 1931, 1796, 2021, 1988, 1894, 1990, 1842, 1780, 2046, 1897, 1929, 2017, 1875, 1749, 1901, 1907, 1903, 1941, 1851, 1993, 1939, 1858, 1770, 1857, 1982, 1747, 2006, 1944, 1732, 2024, 2037, 1804, 1793, 1979, 2050, 2031, 2032, 1912, 1881, 1742, 1763, 1771, 1788, 2030, 1843, 2034, 1936, 1845, 1735, 1906, 1871, 1802, 1892, 2028, 1800, 2020, 1848, 1754, 1746, 1829, 1909, 1864, 1757, 1911, 1831, 1803, 1861, 2045, 1819, 1834, 2038, 1900, 1946, 2039, 1744, 1930, 1820, 1846, 1833, 1921, 1998, 1844, 1822, 1884, 1866, 1890, 1932, 1876, 1878, 2012, 1926, 1786, 2018, 1992, 1855, 1853, 2022, 1734, 1830, 1737, 1767, 1759, 1968, 1957, 1898, 1724, 1868, 2027, 1895, 1817, 1948, 2047, 1785, 1797, 1893, 1852, 1795, 2043, 2025, 1776, 1882, 2044, 1811, 1976, 1738, 1953, 1726, 1736, 1815, 1824, 1810, 1761, 1772, 1762, 1865, 1731, 1808, 1792, 1918, 1910, 1760, 1748, 2013, 1840, 1752, 2011, 1860, 1743, 1790, 1937, 1997, 1775, 1924, 1963, 1809, 1753, 1889, 1725, 1779, 1891, 1859, 1996, 1733, 1947, 2026, 1783, 1751, 1902, 1787, 1741, 2016, 1873, 1740, 1764, 1814, 2001, 1886, 1925, 1970, 1798, 2019, 1750, 1923, 2000, 1756, 1730, 1927, 1807, 1908, 1789, 1838, 1917, 1949, 1919, 1837, 1954, 1773, 1952, 1905, 1806, 1991, 1784, 1847, 1839, 1980, 1729, 1879, 1813, 2040, 1915, 1989, 1994, 1943, 1913, 2004, 2009, 1728, 1765, 1916, 1983, 1977, 1778, 1934, 1821, 1984, 1758, 1794, 1877, 2041, 1975, 1904, 1986, 1888, 1935, 2003, 1967, 1966, 1940, 1823, 1914, 1781, 1945, 1981, 1727, 1872, 1973, 2033, 1964, 1850, 1951, 1768, 1972, 1960, 1920, 2049, 1832, 1955, 1887, 1755, 1896, 1836, 1962, 1769, 1862, 1849, 2023, 1841, 1883, 1745, 1777, 2008, 1867, 2005, 1856, 1799, 1869, 1782, 2036, 2048, 2042, 1739, 1961, 1899, 2035, 1805, 1922, 1816, 1854, 1958]"
../Other/MTurk_Job_files/mTurkFilesExpt3/Expt3_photo_album_11,"[6860, 6931, 6842, 7054, 7086, 7045, 6856, 6985, 7007, 7014, 6844, 6952, 6965, 7091, 6958, 7080, 6854, 6917, 7072, 6953, 7075, 7076, 6981, 6829, 7026, 7087, 6928, 6991, 7037, 7061, 6930, 6843, 6833, 7039, 7056, 7093, 6918, 6828, 6852, 7025, 6948, 7063, 6929, 7067, 6837, 7032, 6933, 7092, 7038, 6947, 6932, 6964, 6831, 6990, 7043, 7041, 6834, 6907, 6951, 7070, 6999, 6968, 6921, 6976, 6883, 6984, 6978, 6863, 7035, 6974, 6957, 6955, 7058, 6956, 7081, 6855, 6924, 7004, 6995, 6980, 6857, 7057, 6989, 6960, 7017, 7002, 6888, 6994, 7010, 7042, 7083, 6940, 7069, 6845, 7030, 6934, 7065, 7059, 6967, 6927, 6919, 6998, 6939, 7024, 7048, 6882, 6862, 6886, 6848, 7011, 6839, 7020, 7003, 6943, 7015, 7082, 6923, 6975, 6820, 6838, 7074, 6859, 6853, 6969, 7018, 7090, 6920, 6835, 7022, 6851, 6997, 7088, 7068, 7051, 6966, 7055, 7062, 6865, 6954, 6977, 7019, 6949, 7031, 7052, 6941, 7008, 7028, 6936, 7047, 6944, 6916, 6836, 6979, 6915, 7071, 6938, 6982, 6986, 6849, 6983, 7078, 7021, 6925, 6908, 6961, 7023, 6830, 7046, 6937, 6946, 7029, 7012, 7027, 6840, 6972, 7013, 6847, 7064, 6973, 6993, 7085, 7006, 6858, 7066, 6926, 6963, 7009, 7000, 6935, 7049, 6841, 6832, 6850, 6970, 6922, 6988, 6884, 6992, 7084, 6846, 6942, 6861, 7073, 6971, 6950, 7077, 6962, 6887, 6864, 6959, 7001, 7060, 7053, 6945, 7016, 6996, 7079, 6885, 7036, 7044, 7005, 7089, 7040, 7033, 7050, 6987, 7034]"
../Other/MTurk_Job_files/mTurkFilesExpt3/Expt3_photo_album_14,"[6195, 6182, 6180, 6196, 6150, 6168, 6199, 6153, 6174, 6240, 6220, 6253, 6206, 6242, 6185, 6238, 6247, 6159, 6190, 6122, 6246, 6136, 6131, 6119, 6129, 6146, 6134, 6245, 6132, 6175, 6144, 6212, 6138, 6198, 6189, 6173, 6171, 6183, 6250, 6128, 6203, 6143, 6207, 6117, 6147, 6165, 6204, 6184, 6176, 6177, 6164, 6167, 6169, 6170, 6161, 6217, 6163, 6126, 6155, 6234, 6130, 6135, 6213, 6231, 6133, 6115, 6192, 6113, 6249, 6127, 6139, 6158, 6227, 6140, 6123, 6237, 6235, 6221, 6162, 6228, 6219, 6188, 6224, 6232, 6154, 6142, 6137, 6218, 6211, 6121, 6216, 6208, 6197, 6194, 6193, 6244, 6166, 6229, 6241, 6120, 6181, 6160, 6178, 6226, 6223, 6251, 6148, 6172, 6179, 6191, 6186, 6248, 6118, 6187, 6141, 6152, 6236, 6210, 6116, 6225, 6114, 6149, 6200, 6214, 6243, 6202, 6124, 6157, 6252, 6125, 6145, 6151, 6233, 6156, 6215, 6205, 6239, 6230, 6209, 6201, 6222]"
../Other/MTurk_Job_files/mTurkFilesExpt3/Expt3_photo_album_27,"[1676, 1562, 1476, 1668, 1592, 1498, 1584, 1512, 1569, 1558, 1506, 1533, 1648, 1519, 1711, 1632, 1714, 1475, 1479, 1572, 1685, 1626, 1651, 1576, 1652, 1644, 1608, 1478, 1671, 1683, 1716, 1574, 1701, 1593, 1496, 1524, 1500, 1535, 1611, 1706, 1653, 1649, 1692, 1540, 1717, 1564, 1682, 1695, 1599, 1704, 1615, 1684, 1567, 1526, 1492, 1637, 1674, 1619, 1520, 1537, 1554, 1523, 1493, 1489, 1582, 1709, 1542, 1642, 1640, 1658, 1547, 1575, 1643, 1534, 1635, 1677, 1514, 1634, 1485, 1624, 1650, 1541, 1491, 1723, 1545, 1508, 1698, 1639, 1516, 1481, 1578, 1606, 1617, 1616, 1708, 1614, 1586, 1601, 1532, 1607, 1665, 1507, 1687, 1482, 1490, 1597, 1689, 1613, 1544, 1527, 1720, 1675, 1539, 1693, 1659, 1538, 1680, 1552, 1561, 1494, 1670, 1551, 1638, 1691, 1581, 1530, 1495, 1497, 1612, 1525, 1700, 1631, 1667, 1654, 1591, 1629, 1707, 1536, 1598, 1553, 1719, 1505, 1633, 1595, 1529, 1509, 1503, 1602, 1621, 1610, 1477, 1662, 1590, 1484, 1604, 1487, 1513, 1710, 1641, 1501, 1499, 1548, 1721, 1696, 1483, 1566, 1596, 1600, 1518, 1557, 1664, 1480, 1486, 1559, 1546, 1550, 1502, 1594, 1655, 1577, 1579, 1694, 1511, 1573, 1630, 1609, 1618, 1488, 1589, 1647, 1504, 1660, 1510, 1605, 1722, 1543, 1528, 1657, 1672, 1690, 1565, 1521, 1656, 1699, 1517, 1688, 1666, 1531, 1560, 1627, 1580, 1588, 1705, 1628, 1645, 1681, 1669, 1715, 1583, 1623, 1568, 1515, 1686, 1702, 1620, 1679, 1718, 1585, 1661, 1712, 1571, 1713, 1636, 1563, 1697, 1603, 1625, 1703, 1587, 1678, 1570, 1549, 1663, 1622, 1646, 1522, 1556, 1673, 1555]"
../Other/MTurk_Job_files/mTurkFilesExpt3/Expt3_photo_album_57,"[5807, 5798, 5815, 5794, 5799, 5796, 5802, 5801, 5810, 5812, 5800, 5804, 5811, 5793, 5809, 5803, 5795, 5817, 5792, 5813, 5816, 5823, 5805, 5824, 5806, 5808, 5822, 5814, 5797]"
../Other/MTurk_Job_files/mTurkFilesExpt3/Expt3_photo_album_48,"[764, 744, 682, 727, 714, 790, 698, 674, 730, 769, 692, 658, 723, 708, 775, 675, 754, 686, 687, 717, 757, 794, 739, 645, 712, 780, 782, 736, 760, 680, 751, 719, 759, 664, 800, 649, 738, 646, 683, 765, 785, 746, 695, 748, 704, 793, 711, 647, 721, 679, 747, 672, 756, 781, 758, 715, 729, 716, 753, 789, 791, 797, 734, 707, 697, 702, 701, 725, 733, 713, 778, 728, 657, 741, 750, 749, 767, 763, 735, 774, 659, 655, 726, 696, 690, 662, 796, 743, 718, 676, 685, 720, 678, 737, 724, 661, 787, 786, 740, 648, 688, 689, 755, 731, 677, 652, 699, 779, 770, 709, 694, 792, 776, 654, 706, 801, 732, 700, 762, 670, 784, 650, 660, 761, 665, 766, 671, 788, 705, 673, 668, 783, 681, 703, 653, 773, 693, 745, 768, 795, 666, 771, 684, 669, 656, 691, 752, 667, 651, 772, 799, 722, 798, 742, 710, 663, 777]"
../Other/MTurk_Job_files/mTurkFilesExpt3/Expt3_photo_album_66,"[3768, 3584, 3929, 3913, 3790, 3627, 3831, 3705, 3874, 3979, 3938, 3611, 3840, 3993, 3607, 3793, 3853, 3597, 3580, 3877, 3586, 3600, 3838, 3916, 3969, 3716, 3844, 3884, 3660, 3615, 3778, 3649, 3687, 3596, 3664, 3857, 3983, 3968, 3804, 4008, 3869, 3942, 3817, 3636, 3847, 3785, 3927, 3964, 3958, 3754, 3644, 3587, 3814, 3917, 3848, 3589, 3653, 3966, 3902, 3696, 3893, 3722, 3588, 3672, 3723, 3659, 3834, 3591, 3668, 3823, 3914, 3594, 3977, 4020, 3731, 3782, 3931, 3710, 3737, 3921, 3661, 3828, 3965, 3638, 3788, 3985, 3989, 3911, 3798, 3802, 3750, 3699, 3901, 3759, 3593, 3601, 3849, 3637, 3624, 3910, 3650, 3953, 3794, 4002, 3776, 3602, 3906, 3684, 3774, 3706, 3865, 3856, 3860, 3871, 3952, 4012, 4021, 3960, 3937, 3873, 3812, 3935, 3787, 3946, 4019, 3886, 4007, 3918, 3976, 3647, 4030, 3674, 3981, 3920, 3943, 3670, 3658, 3951, 3971, 3806, 3701, 3665, 3692, 3713, 3683, 3666, 4011, 3604, 3895, 4029, 3863, 3609, 3673, 3822, 3987, 3813, 3861, 3652, 3908, 3878, 3864, 3605, 3671, 4001, 3904, 3837, 3599, 3744, 4028, 3891, 3686, 3771, 3772, 3708, 3974, 3715, 3727, 3691, 3576, 3995, 3786, 4024, 3940, 3999, 3662, 4031, 3830, 3752, 3766, 3581, 3614, 3709, 3645, 3850, 3795, 3745, 3732, 3855, 3640, 3675, 3742, 3702, 3726, 3858, 3741, 3807, 3622, 3630, 3733, 3791, 3883, 3690, 3835, 3808, 3949, 3618, 3646, 3803, 3592, 3967, 3714, 3836, 3763, 3620, 4015, 3623, 3598, 3933, 3577, 3963, 3890, 3982, 4023, 3899, 3616, 3801, 3634, 3784, 3930, 3829, 3928, 3978, 3919, 3819, 3826, 4009, 3751, 3854, 3962, 3924, 3827, 3595, 3697, 3825, 3889, 3583, 3728, 3888, 3575, 3724, 3839, 3868, 3725, 3934, 3997, 3799, 3887, 3909, 3992, 3707, 3954, 3651, 3678, 3907, 3815, 3996, 3642, 3777, 3579, 3872, 3748, 3843, 3818, 3764, 3846, 3739, 3841, 3842, 3800, 3783, 3957, 3712, 3735, 4016, 3852, 3867, 3606, 3663, 3905, 4032, 3610, 4005, 3648, 3994, 3632, 3679, 3613, 3894, 4017, 3677, 3870, 3880, 3773, 3900, 3922, 3736, 4022, 3833, 3582, 3809, 3796, 3755, 3925, 3875, 3988, 3756, 3639, 3621, 3955, 3685, 3747, 3990, 3612, 3758, 3859, 3885, 3775, 3721, 3585, 3762, 3654, 3734, 3816, 3792, 3926, 3984, 3657, 3770, 3789, 3972, 3879, 3767, 3680, 3765, 3635, 3941, 3688, 3936, 3718, 3749, 3980, 3729, 3608, 3720, 3711, 3730, 4013, 3769, 3876, 3956, 3676, 3781, 3903, 3923, 3603, 3845, 3810, 3641, 3882, 3862, 3700, 4006, 3667, 3669, 3811, 3779, 3821, 3998, 3689, 3703, 3578, 3704, 3628, 3975, 3820, 3824, 3631, 3915, 3945, 3991, 3753, 3695, 3760, 4018, 4000, 3797, 3986, 3897, 3973, 3892, 4004, 3950, 3590, 3643, 3719, 3947, 3746, 3698, 3832, 3757, 4027, 4014, 3959, 3682, 4033, 3944, 3939, 4003, 3881, 3761, 4026, 3932, 3626, 3743, 3896, 3851, 3740, 4025, 3866, 3970, 3625, 4010, 3717, 3619, 3738, 3629, 3898, 3948, 3693, 3912, 3805, 3633, 3694, 3780, 3656, 3617, 3961, 3681]"
../Other/MTurk_Job_files/mTurkFilesExpt3/Expt3_photo_album_15,"[2602, 2643, 2596, 2718, 2618, 2551, 2694, 2587, 2680, 2620, 2722, 2664, 2597, 2606, 2721, 2678, 2575, 2626, 2677, 2552, 2561, 2590, 2637, 2559, 2701, 2736, 2738, 2668, 2665, 2584, 2605, 2708, 2622, 2621, 2578, 2651, 2698, 2695, 2564, 2717, 2674, 2676, 2690, 2646, 2729, 2585, 2683, 2659, 2655, 2619, 2662, 2723, 2737, 2639, 2720, 2544, 2630, 2562, 2663, 2594, 2732, 2667, 2666, 2634, 2599, 2577, 2689, 2579, 2658, 2631, 2567, 2692, 2641, 2730, 2554, 2563, 2728, 2608, 2715, 2679, 2568, 2682, 2576, 2735, 2572, 2707, 2686, 2725, 2709, 2688, 2652, 2661, 2644, 2632, 2669, 2570, 2549, 2648, 2654, 2614, 2702, 2582, 2693, 2543, 2657, 2681, 2684, 2565, 2645, 2714, 2588, 2699, 2716, 2607, 2613, 2598, 2687, 2649, 2586, 2541, 2571, 2611, 2704, 2633, 2583, 2595, 2653, 2574, 2700, 2616, 2656, 2724, 2696, 2710, 2553, 2592, 2703, 2697, 2713, 2604, 2580, 2685, 2635, 2589, 2573, 2615, 2547, 2617, 2624, 2640, 2556, 2642, 2628, 2636, 2627, 2706, 2719, 2542, 2581, 2705, 2550, 2591, 2638, 2712, 2691, 2625, 2569, 2711, 2727, 2603, 2629, 2545, 2726, 2600, 2558, 2548, 2593, 2733, 2650, 2610, 2623, 2566, 2647, 2660, 2557, 2675, 2546, 2601, 2731, 2612, 2609, 2555, 2560, 2734]"
../Other/MTurk_Job_files/mTurkFilesExpt3/Expt3_photo_album_99,"[6389, 6350, 6315, 6406, 6384, 6414, 6278, 6377, 6262, 6409, 6297, 6260, 6419, 6282, 6411, 6335, 6365, 6274, 6418, 6410, 6352, 6303, 6354, 6331, 6291, 6385, 6351, 6343, 6270, 6398, 6316, 6408, 6355, 6305, 6317, 6346, 6421, 6319, 6329, 6344, 6338, 6289, 6257, 6325, 6298, 6359, 6266, 6337, 6397, 6288, 6391, 6382, 6392, 6314, 6296, 6394, 6341, 6368, 6285, 6306, 6302, 6416, 6413, 6281, 6286, 6265, 6372, 6301, 6407, 6378, 6309, 6369, 6371, 6263, 6323, 6255, 6360, 6290, 6393, 6362, 6348, 6333, 6386, 6373, 6294, 6357, 6276, 6327, 6403, 6300, 6404, 6324, 6376, 6415, 6277, 6269, 6375, 6356, 6358, 6399, 6380, 6342, 6293, 6268, 6336, 6312, 6339, 6308, 6299, 6328, 6353, 6424, 6279, 6340, 6332, 6259, 6322, 6320, 6307, 6264, 6275, 6401, 6388, 6318, 6390, 6349, 6420, 6400, 6321, 6254, 6345, 6311, 6402, 6387, 6272, 6287, 6405, 6395, 6330, 6273, 6261, 6334, 6367, 6347, 6417, 6363, 6295, 6310, 6304, 6313, 6258, 6361, 6284, 6280, 6374, 6379, 6292, 6326, 6366, 6383, 6370, 6425, 6381, 6364, 6423, 6422, 6396, 6256, 6267, 6283, 6412, 6271]"
../Other/MTurk_Job_files/mTurkFilesExpt3/Expt3_photo_album_49,"[649, 801, 783, 755, 714, 752, 672, 717, 652, 761, 727, 778, 745, 749, 779, 734, 728, 789, 669, 731, 705, 768, 743, 710, 651, 664, 697, 665, 700, 784, 724, 764, 725, 777, 676, 775, 689, 673, 785, 798, 741, 795, 658, 674, 791, 742, 773, 770, 720, 662, 686, 708, 684, 796, 654, 701, 754, 659, 715, 645, 690, 709, 650, 735, 716, 668, 756, 706, 713, 782, 699, 736, 757, 698, 772, 744, 732, 751, 730, 675, 711, 704, 799, 723, 767, 747, 794, 766, 769, 748, 737, 774, 681, 661, 679, 693, 678, 685, 682, 762, 646, 790, 788, 688, 750, 759, 738, 691, 721, 657, 663, 660, 696, 718, 670, 677, 760, 671, 726, 655, 740, 703, 683, 753, 719, 695, 792, 687, 733, 694, 647, 800, 648, 797, 771, 680, 765, 666, 667, 780, 793, 746, 653, 763, 707, 692, 781, 786, 702, 739, 758, 656, 722, 729, 787, 776, 712]"
../Other/MTurk_Job_files/mTurkFilesExpt3/Expt3_photo_album_82,"[8346, 8352, 8327, 8340, 8319, 8329, 8326, 8331, 8317, 8351, 8330, 8328, 8341, 8339, 8348, 8349, 8343, 8325, 8323, 8336, 8354, 8345, 8338, 8333, 8320, 8321, 8353, 8350, 8322, 8315, 8316, 8335, 8334, 8318, 8332, 8342, 8347, 8344, 8337, 8324]"
../Other/MTurk_Job_files/mTurkFilesExpt3/Expt3_photo_album_7,"[6010, 5861, 5937, 5910, 5888, 6008, 5850, 5884, 6062, 6009, 5891, 5880, 5894, 5889, 5990, 5917, 5934, 5879, 5887, 5885, 6003, 5882, 5869, 6005, 5982, 5927, 5939, 6007, 5862, 5867, 5925, 5866, 5981, 5978, 5989, 5987, 5916, 5983, 5920, 5915, 5942, 5909, 5878, 5863, 5868, 5906, 5930, 5935, 6000, 5919, 6002, 6061, 6006, 6063, 5918, 5938, 5988, 5936, 5892, 5907, 5893, 5931, 5890, 5999, 5911, 5864, 5929, 5877, 5908, 5883, 5986, 5941, 5984, 5940, 5881, 5886, 6004, 5985, 6001, 5926]"
../Other/MTurk_Job_files/mTurkFilesExpt3/Expt3_photo_album_55,"[6884, 7006, 7037, 6932, 6958, 6944, 6845, 7073, 6908, 6960, 6832, 6955, 6820, 6974, 6887, 6927, 7025, 6971, 7071, 6981, 6992, 6883, 7074, 7015, 6954, 7049, 6956, 7093, 6976, 6833, 7020, 6947, 6973, 6831, 6943, 6886, 6840, 7060, 6918, 7031, 7050, 7087, 6837, 6850, 7079, 7054, 7064, 7018, 6863, 7044, 6846, 6854, 6983, 6936, 6985, 6965, 6990, 6856, 6858, 6862, 6860, 7092, 6828, 6834, 6986, 7023, 6937, 7086, 6916, 6849, 7062, 6925, 6995, 6977, 6988, 6919, 7016, 7026, 7036, 6964, 6969, 6924, 7034, 7085, 7065, 6970, 6852, 7061, 7043, 6957, 6838, 7067, 6952, 6993, 6920, 7014, 7010, 6933, 6853, 7041, 6972, 7032, 7082, 7090, 6962, 6999, 6847, 7052, 6864, 6978, 6979, 7048, 6949, 7009, 7070, 7051, 7013, 7081, 6946, 7039, 7021, 7089, 6938, 6841, 7078, 6997, 6859, 6844, 6848, 7011, 7004, 6935, 6851, 6959, 6945, 6975, 7038, 7057, 6953, 6968, 6829, 6839, 7033, 7008, 6923, 6948, 6991, 6917, 6885, 6966, 7063, 7001, 7005, 6843, 7053, 7019, 6982, 6830, 7017, 6941, 6934, 6915, 7059, 6989, 7000, 7075, 6963, 7080, 6861, 6984, 7072, 7088, 7046, 7058, 6987, 6996, 6842, 7002, 6882, 6865, 6855, 7003, 7068, 6928, 7042, 7022, 6939, 7012, 6907, 7077, 6888, 6835, 6950, 7028, 6967, 7069, 6940, 6922, 6930, 6951, 6998, 7083, 6931, 6980, 6929, 7030, 7029, 7056, 7007, 7045, 6836, 7035, 6926, 7076, 7084, 7027, 7024, 7091, 6994, 6961, 6942, 7040, 7055, 6921, 7047, 7066, 6857]"
